ITEMNMBR,ITEMDESC,LOCNCODE,LOCATION_NAME,available_units,on_hand_units,forecast_units_monthly,daily_forecast_units,recent_3m_cleaned_avg,recent_12m_suppressed_units,stockout_months_last12,dominant_super_channel,channel_forecast_breakdown,lead_time_days,lead_time_source,service_z,safety_stock_units,reorder_point_units,target_inventory_units,inventory_gap_units,days_of_supply,projected_runout_date,alert_status,priority,suggested_order_date,recommended_order_units,recommended_order_units_rounded,recommended_order_cases,case_pack_units,moq_units,vendor_id,manufacturer,estimated_unit_cost,estimated_order_cost,vendor_brand,vendor_product_line,vendor_category,vendor_status,shipment_terms,planning_note,assumption_notes
F-04221,POP Ginger Chews Lemon 2 oz(24ct/cs),2,NJ,0.0,3100.0,1200.1,39.48,0.0,6310.0,4,American Market,American Market:1200.1,91.2,item_spec,1.4,3976.8,7577.2,9393.2,7577.2,0.0,2026-04-18,Order now,Critical,2026-04-18,9393.2,9394,,,,,SNA,,,,,,,,Blend recent trend with seasonal planogram behavior.,Suppressed demand uplift included; Primary vendor missing
F-04220,POP Ginger Chews Original 2 oz(24ct/cs),2,NJ,0.0,1700.0,1149.7,37.82,0.0,5704.0,4,American Market,,91.2,item_spec,1.4,4015.7,7464.7,9204.3,7464.7,0.0,2026-04-18,Order now,Critical,2026-04-18,9204.3,9205,,,,,SNA,,,,,,,,Blend recent trend with seasonal planogram behavior.,Suppressed demand uplift included; Primary vendor missing
F-04221,POP Ginger Chews Lemon 2 oz(24ct/cs),1,SF,0.0,1002.0,395.5,13.01,0.0,1914.0,3,American Market,American Market:395.5,91.2,item_spec,1.4,1167.5,2354.0,2952.5,2354.0,0.0,2026-04-18,Order now,Critical,2026-04-18,2952.5,2953,,,,,SNA,,,,,,,,Blend recent trend with seasonal planogram behavior.,Suppressed demand uplift included; Primary vendor missing
F-04220,POP Ginger Chews Original 2 oz(24ct/cs),1,SF,0.0,839.0,347.8,11.44,0.0,1338.0,2,American Market,,91.2,item_spec,1.4,1212.5,2256.0,2782.3,2256.0,0.0,2026-04-18,Order now,Critical,2026-04-18,2782.3,2783,,,,,SNA,,,,,,,,Blend recent trend with seasonal planogram behavior.,Suppressed demand uplift included; Primary vendor missing
A-61117,AM GSG Candy 1 lb / Bag,2,NJ,0.0,0.0,62.9,2.07,0.0,0.0,0,American Market,Asian Market:25.5; Health Food:18.1; American Market:15.7; eCom:3.5,114.0,po_history_item_location,1.4,193.0,428.9,534.5,428.9,0.0,2026-04-18,Order now,Critical,2026-04-18,534.5,550,25.0,22.0,,IM9GO3A,GL,46.07,25339.88,POP,Am GSG Candy,A,ACTIVE,EXW,Blend recent trend with seasonal planogram behavior.,
F-12998,Ferrero Rocher 48's Flat Gift Box,3,LA,0.0,0.0,33.8,1.11,23.3,39.0,1,Health Food,Health Food:19.9; Other:3.9; Asian Market:1.7; eCom:1.1; American Market:0.7,18.5,po_history_item_location,1.2,53.9,74.5,113.3,74.5,0.0,2026-04-18,Order now,Critical,2026-04-18,113.3,128,8.0,16.0,,DM9FE1A,Ferrero USA,3953.32,506024.96,Ferrero,Ferrero/ Kinder/Nutella,F,ACTIVE,ToDoor/Delivery,Use smoother trailing history due to distributor lag.,Suppressed demand uplift included
F-12998,Ferrero Rocher 48's Flat Gift Box,2,NJ,0.0,0.0,41.4,1.36,37.3,0.0,1,American Market,Asian Market:22.0; American Market:18.5; Health Food:0.5; Other:0.4,19.0,po_history_item_location,1.4,47.6,73.5,121.2,73.5,0.0,2026-04-18,Order now,Critical,2026-04-18,121.2,128,8.0,16.0,,DM9FE1A,Ferrero USA,3953.32,506024.96,Ferrero,Ferrero/ Kinder/Nutella,F,ACTIVE,ToDoor/Delivery,Blend recent trend with seasonal planogram behavior.,
F-12418,Ferrero Rocher 24 pcs Diamond Display(48),3,LA,0.0,0.0,8.8,0.29,0.0,174.0,3,Health Food,Health Food:8.8; Other:0.1,20.0,po_history_item_location,1.2,36.7,42.5,52.7,42.5,0.0,2026-04-18,Order now,Critical,2026-04-18,52.7,96,2.0,48.0,,DM9FE1A,Ferrero USA,368.64,35389.44,Ferrero,Ferrero/ Kinder/Nutella,F,ACTIVE,ToDoor/Delivery,Use smoother trailing history due to distributor lag.,Suppressed demand uplift included
F-12998,Ferrero Rocher 48's Flat Gift Box,1,SF,0.0,0.0,15.7,0.52,9.0,0.0,1,Asian Market,Asian Market:8.0; American Market:6.0; Health Food:0.8; eCom:0.5; Other:0.4,22.0,po_history_item_location,1.65,18.7,30.0,44.5,30.0,0.0,2026-04-18,Order now,Critical,2026-04-18,44.5,48,3.0,16.0,,DM9FE1A,Ferrero USA,3953.32,189759.36,Ferrero,Ferrero/ Kinder/Nutella,F,ACTIVE,ToDoor/Delivery,Bias upward because demand can spike opportunistically.,
F-04211,POP Ginger Chews Original 2 oz,2,NJ,3496.0,121360.0,32051.5,1054.33,0.0,0.0,0,American Market,American Market:32047.4; Other:4.2,147.5,po_history_item_location,1.4,109104.4,264617.7,325768.6,261121.7,3.3,2026-04-21,Order now,High,2026-04-18,322272.6,322344,4477.0,72.0,,IM9SI1A,SNA,18.96,6111803.41,POP,Ginger Chews,F,ACTIVE,FOB,Blend recent trend with seasonal planogram behavior.,
F-04211,POP Ginger Chews Original 2 oz,1,SF,2038.0,30910.0,8800.3,289.48,0.0,5048.0,1,American Market,American Market:7958.3; Other:0.7,125.0,po_history_item_location,1.4,6756.9,42942.4,58285.1,40904.4,7.0,2026-04-25,Order now,High,2026-04-18,56247.1,56304,782.0,72.0,,IM9SI1A,SNA,18.63,1049112.43,POP,Ginger Chews,F,ACTIVE,FOB,Blend recent trend with seasonal planogram behavior.,Suppressed demand uplift included
F-04211,POP Ginger Chews Original 2 oz,3,LA,1471.0,1831.0,1607.0,52.86,0.0,13118.0,3,American Market,American Market:1605.4; Other:1.6,148.0,po_history_item_location,1.4,33591.0,41414.6,44480.6,39943.6,27.8,2026-05-15,Order now,High,2026-04-18,43009.6,43056,598.0,72.0,,IM9SI1A,SNA,18.74,806890.97,POP,Ginger Chews,F,ACTIVE,FOB,Blend recent trend with seasonal planogram behavior.,Suppressed demand uplift included
F-04117,POP Ginger Chews Blood Orange 4 oz (12ct/cs),2,NJ,1071.0,29117.0,1580.6,51.99,0.0,0.0,0,Health Food,Health Food:702.6; Asian Market:556.5; American Market:307.6; Other:13.0; eCom:0.7,151.0,po_history_item_location,1.2,5178.5,13029.3,16044.9,11958.3,20.6,2026-05-08,Order now,High,2026-04-18,14973.9,14976,1248.0,12.0,,IM9SI1A,SNA,6.54,97913.09,POP,Ginger Chews,F,ACTIVE,FOB,Use smoother trailing history due to distributor lag.,
T-31520,Tiger Balm Ultra 10g,2,NJ,17028.0,62880.0,7293.3,239.91,0.0,0.0,0,American Market,American Market:7277.9; eCom:10.8; Other:4.5; Health Food:0.1,43.0,po_history_item_location,1.4,15987.7,26303.8,35180.5,9275.8,71.0,2026-06-27,Order now,High,2026-04-18,18152.5,50040,834.0,60.0,49992.0,LC9T12A,HPH,18.03,902221.2,Tiger Balm,Tiger Balm,T,ACTIVE,CIF,Blend recent trend with seasonal planogram behavior.,
F-04074,POP Ginger Chews Lychee 8 oz,2,NJ,15064.0,20481.0,2039.7,67.09,0.0,0.0,0,Asian Market,Asian Market:2034.5; American Market:2.8; Health Food:2.2; eCom:0.1,152.0,po_history_item_location,1.65,8321.6,18520.0,21941.9,3456.0,224.5,2026-11-28,Order now,High,2026-04-18,6877.9,6880,860.0,8.0,,IM9SI1A,SNA,7.54,51861.44,POP,Ginger Chews,F,ACTIVE,FOB,Bias upward because demand can spike opportunistically.,
T-31520,Tiger Balm Ultra 10g,1,SF,2473.0,33723.0,3044.7,100.16,0.0,7968.5,2,American Market,American Market:2421.3; Asian Market:314.0; Other:0.6,23.5,po_history_item_location,1.4,1617.6,3971.3,7476.7,1498.3,24.7,2026-05-12,Order now,High,2026-04-18,5003.7,50040,834.0,60.0,49992.0,LC9T12A,HPH,18.15,908226.0,Tiger Balm,Tiger Balm,T,ACTIVE,CIF,Blend recent trend with seasonal planogram behavior.,Suppressed demand uplift included
AC-B8BK,AM GSG Root (Mixed) 8 oz Bag,3,LA,2371.0,2739.0,727.8,23.94,0.0,1183.5,3,American Market,American Market:606.5; eCom:49.8; Asian Market:45.5; Health Food:19.5; Other:6.5,90.0,default_90d,1.4,1618.1,3773.0,4874.3,1402.0,99.0,2026-07-26,Order now,High,2026-04-18,2503.3,2520,60.0,42.0,,,POP ,,,,,,,,Blend recent trend with seasonal planogram behavior.,Lead time fallback used; Suppressed demand uplift included; Primary vendor missing
AC-B16BK,AM GSG Root (Mixed) 1 lb Bag,3,LA,3345.0,3817.0,792.9,26.08,0.0,873.0,2,Health Food,Health Food:505.8; American Market:271.9; Other:14.8; eCom:0.4,90.0,default_90d,1.2,1741.6,4089.0,5288.8,744.0,128.2,2026-08-24,Order now,High,2026-04-18,1943.8,1944,81.0,24.0,,,POP ,,,,,,,,Use smoother trailing history due to distributor lag.,Lead time fallback used; Suppressed demand uplift included; Primary vendor missing
D-15206,POP OG Oolong Tea 1.8gx100 (6ct/cs),3,LA,502.0,940.0,27.9,0.92,0.0,528.0,3,Asian Market,Asian Market:12.0; Health Food:9.9; American Market:3.1; Other:2.5; eCom:0.3,95.0,po_history_item_location,1.65,918.5,1005.5,1042.2,503.5,547.8,2027-10-17,Order now,High,2026-04-18,540.2,6000,1000.0,6.0,6000.0,IM9WU1B,WHYD,8.61,51645.0,POP,Chinese Teabags/Gift Tea in bulk,D,ACTIVE,CIF,Bias upward because demand can spike opportunistically.,Suppressed demand uplift included
AC-B4BK,AM GSG Root (Mixed) 4 oz Bag,3,LA,5244.0,6358.0,745.1,24.51,0.0,0.0,0,Health Food,Health Food:710.5; Other:17.2; American Market:16.8; eCom:0.6,90.0,default_90d,1.2,3330.2,5536.2,6663.8,292.2,213.9,2026-11-17,Order now,High,2026-04-18,1419.8,1440,24.0,60.0,,,POP ,,,,,,,,Use smoother trailing history due to distributor lag.,Lead time fallback used; Primary vendor missing
F-12418,Ferrero Rocher 24 pcs Diamond Display(48),2,NJ,11.0,11.0,43.5,1.43,42.7,158.5,4,American Market,American Market:17.3; Asian Market:7.3; Other:0.4; Health Food:0.2,25.0,po_history_item_location,1.4,31.9,67.6,117.7,56.6,7.7,2026-04-25,Order now,High,2026-04-18,106.7,144,3.0,48.0,,DM9FE1A,Ferrero USA,368.64,53084.16,Ferrero,Ferrero/ Kinder/Nutella,F,ACTIVE,ToDoor/Delivery,Blend recent trend with seasonal planogram behavior.,Suppressed demand uplift included
AC-B6SLJ,AM GSG Slices 6 oz Bag-Jumbo,3,LA,106.0,158.0,18.8,0.62,0.0,29.0,2,American Market,American Market:11.9; eCom:3.7; Asian Market:2.5; Other:0.4; Health Food:0.2,90.0,default_90d,1.4,93.5,149.1,177.5,43.1,171.6,2026-10-06,Order now,High,2026-04-18,71.5,72,6.0,12.0,,,POP ,,,,,,,,Blend recent trend with seasonal planogram behavior.,Lead time fallback used; Suppressed demand uplift included; Primary vendor missing
F-12418,Ferrero Rocher 24 pcs Diamond Display(48),1,SF,8.0,13.0,7.3,0.24,2.0,72.5,3,Asian Market,American Market:1.3; Asian Market:0.7; eCom:0.3; Health Food:0.2,35.0,po_history_item_location,1.65,41.4,49.9,56.7,41.9,33.1,2026-05-21,Order now,High,2026-04-18,48.7,96,2.0,48.0,,DM9FE1A,Ferrero USA,426.07,40902.58,Ferrero,Ferrero/ Kinder/Nutella,F,ACTIVE,ToDoor/Delivery,Bias upward because demand can spike opportunistically.,Suppressed demand uplift included
J-72402,Totole Chicken Bouillon 2.2 lbs,2,NJ,48.0,60.0,13.0,0.43,10.0,0.0,0,Asian Market,Asian Market:13.0,10.5,item_spec,1.65,59.8,64.3,76.2,16.3,112.2,2026-08-08,Order now,High,2026-04-18,28.2,2880,240.0,12.0,2880.0,DM9AM9B,TKN,82.0,236160.0,Totole,Totole,J,ACTIVE,,Bias upward because demand can spike opportunistically.,
AC-B3SLJ,AM GSG Slices 3 oz Bag-Jumbo,2,NJ,32.0,112.0,4.4,0.15,0.0,103.0,1,eCom,eCom:4.1; Other:0.4,90.0,default_90d,1.05,30.8,43.9,48.5,11.9,220.3,2026-11-24,Order now,High,2026-04-18,16.5,24,2.0,12.0,,,POP ,,,,,,,,Use longer trailing history for long-tail demand.,Lead time fallback used; Suppressed demand uplift included; Primary vendor missing
A-61280,AM GSG RT Tea 80 Bags,1,SF,0.0,0.0,0.0,0.0,0.0,19.0,5,American Market,,90.0,default_90d,1.4,0.0,0.0,0.0,0.0,,,No recent demand,Low,,0.0,0,,,,,ST,,,,,,,,Blend recent trend with seasonal planogram behavior.,Lead time fallback used; Suppressed demand uplift included; Primary vendor missing; Demand history too light for standard reorder rule
A-61280,AM GSG RT Tea 80 Bags,2,NJ,0.0,0.0,0.0,0.0,0.0,0.0,0,Other,,90.0,default_90d,1.25,0.0,0.0,0.0,0.0,,,No recent demand,Low,,0.0,0,,,,,ST,,,,,,,,Use blended defaults and review unusual items manually.,Lead time fallback used; Primary vendor missing; Demand history too light for standard reorder rule
A-61280,AM GSG RT Tea 80 Bags,3,LA,0.0,0.0,0.0,0.0,0.0,0.0,0,Other,,90.0,default_90d,1.25,0.0,0.0,0.0,0.0,,,No recent demand,Low,,0.0,0,,,,,ST,,,,,,,,Use blended defaults and review unusual items manually.,Lead time fallback used; Primary vendor missing; Demand history too light for standard reorder rule
AC-B9SL,POP AM GSG Root Slices 9 oz,1,SF,0.0,0.0,0.0,0.0,0.0,0.0,4,American Market,,90.0,default_90d,1.4,0.0,0.0,0.0,0.0,,,No recent demand,Low,,0.0,0,0.0,60.0,,,POP ,,,,,,,,Blend recent trend with seasonal planogram behavior.,Lead time fallback used; Primary vendor missing; Demand history too light for standard reorder rule
AC-B9SL,POP AM GSG Root Slices 9 oz,2,NJ,0.0,0.0,0.0,0.0,0.0,0.0,0,Other,,90.0,default_90d,1.25,0.0,0.0,0.0,0.0,,,No recent demand,Low,,0.0,0,0.0,60.0,,,POP ,,,,,,,,Use blended defaults and review unusual items manually.,Lead time fallback used; Primary vendor missing; Demand history too light for standard reorder rule
AC-B9SL,POP AM GSG Root Slices 9 oz,3,LA,0.0,0.0,0.0,0.0,0.0,0.0,0,Other,,90.0,default_90d,1.25,0.0,0.0,0.0,0.0,,,No recent demand,Low,,0.0,0,0.0,60.0,,,POP ,,,,,,,,Use blended defaults and review unusual items manually.,Lead time fallback used; Primary vendor missing; Demand history too light for standard reorder rule
AC-B9SLE,POP AM GSG Root Slices 9 oz,1,SF,0.0,0.0,0.0,0.0,0.0,17184.0,7,American Market,,90.0,default_90d,1.4,0.0,0.0,0.0,0.0,,,No recent demand,Low,,0.0,0,,,,,,,,,,,,,Blend recent trend with seasonal planogram behavior.,Lead time fallback used; Suppressed demand uplift included; Primary vendor missing; Demand history too light for standard reorder rule
AC-B9SLE,POP AM GSG Root Slices 9 oz,2,NJ,0.0,0.0,0.0,0.0,0.0,0.0,0,Other,,90.0,default_90d,1.25,0.0,0.0,0.0,0.0,,,No recent demand,Low,,0.0,0,,,,,,,,,,,,,Use blended defaults and review unusual items manually.,Lead time fallback used; Primary vendor missing; Demand history too light for standard reorder rule
AC-B9SLE,POP AM GSG Root Slices 9 oz,3,LA,0.0,0.0,0.0,0.0,0.0,0.0,0,Other,,90.0,default_90d,1.25,0.0,0.0,0.0,0.0,,,No recent demand,Low,,0.0,0,,,,,,,,,,,,,Use blended defaults and review unusual items manually.,Lead time fallback used; Primary vendor missing; Demand history too light for standard reorder rule
F-00376,Loacker GP Bisc Coconut Choc 3.53oz(#10396),1,SF,0.0,0.0,0.0,0.0,0.0,0.0,0,Other,,102.5,po_history_item_location,1.25,0.0,0.0,0.0,0.0,,,No recent demand,Low,,0.0,0,0.0,12.0,,DM2LO9A,Loacker,25.61,,Loacker,Loacker,F,ACTIVE,CIF,Use blended defaults and review unusual items manually.,Demand history too light for standard reorder rule
F-00377,Loacker GP Bisc Orange Choc 3.53oz(#10397),1,SF,0.0,0.0,0.0,0.0,0.0,0.0,0,Other,,102.5,po_history_item_location,1.25,0.0,0.0,0.0,0.0,,,No recent demand,Low,,0.0,0,0.0,12.0,,DM2LO9A,Loacker,25.61,,Loacker,Loacker,F,ACTIVE,CIF,Use blended defaults and review unusual items manually.,Demand history too light for standard reorder rule
F-00377,Loacker GP Bisc Orange Choc 3.53oz(#10397),2,NJ,0.0,0.0,0.0,0.0,0.0,0.0,0,Other,,106.4,item_spec,1.25,0.0,0.0,0.0,0.0,,,No recent demand,Low,,0.0,0,0.0,12.0,,DM2LO9A,Loacker,25.61,,Loacker,Loacker,F,ACTIVE,CIF,Use blended defaults and review unusual items manually.,Demand history too light for standard reorder rule
F-04220,POP Ginger Chews Original 2 oz(24ct/cs),3,LA,0.0,0.0,0.0,0.0,0.0,0.0,0,Other,,91.2,item_spec,1.25,0.0,0.0,0.0,0.0,,,No recent demand,Low,,0.0,0,,,,,SNA,,,,,,,,Use blended defaults and review unusual items manually.,Primary vendor missing; Demand history too light for standard reorder rule
F-04221,POP Ginger Chews Lemon 2 oz(24ct/cs),3,LA,0.0,0.0,0.0,0.0,0.0,0.0,0,Other,,91.2,item_spec,1.25,0.0,0.0,0.0,0.0,,,No recent demand,Low,,0.0,0,,,,,SNA,,,,,,,,Use blended defaults and review unusual items manually.,Primary vendor missing; Demand history too light for standard reorder rule
T-31510R,"Tiger Balm 18g, Ultra/St - RFID",3,LA,0.0,0.0,0.0,0.0,0.0,0.0,0,Other,,34.0,po_history_item,1.25,0.0,0.0,0.0,0.0,,,No recent demand,Low,,0.0,0,,,,LC9T12A,,30.72,,Tiger Balm,Tiger Balm,T,ACTIVE,CIF,Use blended defaults and review unusual items manually.,Demand history too light for standard reorder rule
T-32224,Tiger Balm Single Patch (2x12),3,LA,0.0,0.0,0.0,0.0,0.0,0.0,0,Other,,90.0,default_90d,1.25,0.0,0.0,0.0,0.0,,,No recent demand,Low,,0.0,0,,,,,,,,,,,,,Use blended defaults and review unusual items manually.,Lead time fallback used; Primary vendor missing; Demand history too light for standard reorder rule
F-50139,Gavottes Crepes 500g,1,SF,3.0,21.0,0.0,0.0,0.0,0.0,0,Other,,100.0,po_history_item,1.25,0.0,0.0,0.0,-3.0,,,No recent demand,Low,,0.0,0,,,,IM9LO3A,,71.73,,Loc Maria,Trou Mad,F,ACTIVE,EXW,Use blended defaults and review unusual items manually.,Demand history too light for standard reorder rule
AC-B3SLJ,AM GSG Slices 3 oz Bag-Jumbo,3,LA,233.0,709.0,3.9,0.13,0.0,94.5,4,American Market,Asian Market:3.0; Health Food:0.4; eCom:0.3; Other:0.2,90.0,default_90d,1.4,80.6,92.2,98.2,-140.8,1808.5,2031-03-31,Healthy,Low,2029-04-14,0.0,0,0.0,12.0,,,POP ,,,,,,,,Blend recent trend with seasonal planogram behavior.,Lead time fallback used; Suppressed demand uplift included; Primary vendor missing
F-50139,Gavottes Crepes 500g,2,NJ,173.0,191.0,0.0,0.0,0.0,0.0,0,Other,,99.0,po_history_item_location,1.25,0.0,0.0,0.0,-173.0,,,No recent demand,Low,,0.0,0,,,,IM9LO3A,,69.48,,Loc Maria,Trou Mad,F,ACTIVE,EXW,Use blended defaults and review unusual items manually.,Demand history too light for standard reorder rule
AC-B6SLJ,AM GSG Slices 6 oz Bag-Jumbo,2,NJ,636.0,665.0,52.4,1.73,0.0,0.0,0,eCom,eCom:25.5; Health Food:15.9; Asian Market:6.5; American Market:4.5; Other:0.0,90.0,default_90d,1.05,302.0,457.3,512.5,-178.7,368.7,2027-04-21,Healthy,Low,2026-07-30,0.0,0,0.0,12.0,,,POP ,,,,,,,,Use longer trailing history for long-tail demand.,Lead time fallback used; Primary vendor missing
F-20141,Ferrero Coll. 24 pcs (w/Hazelnut)#20148,2,NJ,432.0,432.0,150.8,4.96,156.7,158.0,1,American Market,American Market:106.1; Asian Market:38.0; Health Food:4.4; Other:2.4,16.0,po_history_item_location,1.4,163.7,243.1,416.8,-188.9,87.1,2026-07-14,Healthy,Low,2026-05-26,0.0,0,0.0,6.0,,DM9FE1A,Ferrero USA,45.59,,Ferrero,Ferrero/ Kinder/Nutella,F,ACTIVE,ToDoor/Delivery,Blend recent trend with seasonal planogram behavior.,Suppressed demand uplift included
F-00378,Loacker GP Dark Hazelnut 3.53oz(#10338),1,SF,192.0,276.0,0.0,0.0,0.0,0.0,0,Other,,101.0,po_history_item_location,1.25,0.0,0.0,0.0,-192.0,,,No recent demand,Low,,0.0,0,0.0,12.0,,DM2LO9A,Loacker,25.61,,Loacker,Loacker,F,ACTIVE,CIF,Use blended defaults and review unusual items manually.,Demand history too light for standard reorder rule
AC-B8BK,AM GSG Root (Mixed) 8 oz Bag,2,NJ,1706.0,1865.0,217.6,7.16,0.0,584.0,1,American Market,Asian Market:60.0; Other:29.0; American Market:15.7; Health Food:15.5,90.0,default_90d,1.4,865.0,1509.2,1838.4,-196.8,238.4,2026-12-12,Healthy,Low,2026-05-15,132.4,168,4.0,42.0,,,POP ,,,,,,,,Blend recent trend with seasonal planogram behavior.,Lead time fallback used; Suppressed demand uplift included; Primary vendor missing
F-50140,Gavottes Crepes 1250g #011120,1,SF,281.0,329.0,0.0,0.0,0.0,0.0,0,Other,,118.0,po_history_item,1.25,0.0,0.0,0.0,-281.0,,,No recent demand,Low,,0.0,0,,,,IM9LO3A,,82.07,,Loc Maria,Trou Mad,F,ACTIVE,EXW,Use blended defaults and review unusual items manually.,Demand history too light for standard reorder rule
D-15206,POP OG Oolong Tea 1.8gx100 (6ct/cs),2,NJ,1320.0,2836.0,102.7,3.38,0.0,0.0,0,eCom,eCom:58.1; American Market:24.8; Asian Market:10.0; Health Food:6.0; Other:3.8,131.0,po_history_item_location,1.05,583.0,1025.6,1160.7,-294.4,390.7,2027-05-13,Healthy,Low,2026-07-14,0.0,0,0.0,6.0,6000.0,IM9WU1B,WHYD,9.14,,POP,Chinese Teabags/Gift Tea in bulk,D,ACTIVE,CIF,Use longer trailing history for long-tail demand.,
F-00378,Loacker GP Dark Hazelnut 3.53oz(#10338),2,NJ,300.0,372.0,0.0,0.0,0.0,0.0,0,Other,,71.0,po_history_item_location,1.25,0.0,0.0,0.0,-300.0,,,No recent demand,Low,,0.0,0,0.0,12.0,,DM2LO9A,Loacker,25.61,,Loacker,Loacker,F,ACTIVE,CIF,Use blended defaults and review unusual items manually.,Demand history too light for standard reorder rule
F-12402,Ferrero Rocher 24 Pcs Diamond,3,LA,462.0,1494.0,92.0,3.03,52.7,49.0,1,Health Food,Health Food:47.8; Asian Market:21.0; American Market:8.6; eCom:3.7; Other:2.8,18.5,po_history_item_location,1.2,68.9,124.9,230.8,-337.1,152.7,2026-09-17,Healthy,Low,2026-08-07,0.0,0,0.0,6.0,,DM9FE1A,Ferrero USA,47.33,,Ferrero,Ferrero/ Kinder/Nutella,F,ACTIVE,ToDoor/Delivery,Use smoother trailing history due to distributor lag.,Suppressed demand uplift included
F-50139,Gavottes Crepes 500g,3,LA,341.0,593.0,0.0,0.0,0.0,0.0,0,Other,,108.5,po_history_item_location,1.25,0.0,0.0,0.0,-341.0,,,No recent demand,Low,,0.0,0,,,,IM9LO3A,,70.53,,Loc Maria,Trou Mad,F,ACTIVE,EXW,Use blended defaults and review unusual items manually.,Demand history too light for standard reorder rule
J-72402,Totole Chicken Bouillon 2.2 lbs,3,LA,480.0,480.0,12.0,0.39,9.3,56.0,3,Asian Market,Asian Market:9.3,10.5,item_spec,1.65,5.8,9.9,21.0,-470.1,1216.0,2029-08-16,Healthy,Low,2029-07-21,0.0,0,0.0,12.0,2880.0,DM9AM9B,TKN,82.0,,Totole,Totole,J,ACTIVE,,Bias upward because demand can spike opportunistically.,Suppressed demand uplift included
AC-B6SLJ,AM GSG Slices 6 oz Bag-Jumbo,1,SF,1216.0,1607.0,88.4,2.91,0.0,0.0,1,Asian Market,Asian Market:55.0; eCom:20.3; Health Food:10.0; Other:3.1,90.0,default_90d,1.65,459.7,721.5,835.0,-494.5,418.0,2027-06-10,Healthy,Low,2026-10-04,0.0,0,0.0,12.0,,,POP ,,,,,,,,Bias upward because demand can spike opportunistically.,Lead time fallback used; Primary vendor missing
F-12122,Ferrero Rocher 12 Pcs,1,SF,612.0,1716.0,58.7,1.93,54.0,0.0,0,Asian Market,Asian Market:27.5; American Market:24.2; Health Food:5.2; Other:1.4; eCom:0.3,22.5,po_history_item_location,1.65,44.1,87.5,141.6,-524.5,316.9,2027-02-28,Healthy,Low,2027-01-14,0.0,0,0.0,12.0,,DM9FE1A,Ferrero USA,41.62,,Ferrero,Ferrero/ Kinder/Nutella,F,ACTIVE,ToDoor/Delivery,Bias upward because demand can spike opportunistically.,
F-00373,Loacker GP White Coconut 3.53oz,1,SF,576.0,636.0,0.0,0.0,0.0,0.0,0,Other,,101.0,po_history_item_location,1.25,0.0,0.0,0.0,-576.0,,,No recent demand,Low,,0.0,0,0.0,12.0,,DM2LO9A,Loacker,25.61,,Loacker,Loacker,F,ACTIVE,CIF,Use blended defaults and review unusual items manually.,Demand history too light for standard reorder rule
AC-B3SLJ,AM GSG Slices 3 oz Bag-Jumbo,1,SF,966.0,1906.0,29.1,0.96,0.0,323.0,2,eCom,eCom:17.1; Health Food:10.6; Other:1.3,90.0,default_90d,1.05,265.9,351.9,382.5,-614.1,1010.6,2029-01-22,Healthy,Low,2028-01-20,0.0,0,0.0,12.0,,,POP ,,,,,,,,Use longer trailing history for long-tail demand.,Lead time fallback used; Suppressed demand uplift included; Primary vendor missing
D-03052,POP HT Blood Pressure 1.8gx18,1,SF,670.0,905.0,0.0,0.0,0.0,0.0,0,Other,,53.5,po_history_item_location,1.25,0.0,0.0,0.0,-670.0,,,No recent demand,Low,,0.0,0,0.0,12.0,,DM9SU9A,ST,0.84,,POP,PG ColdA/FluAid (Produtions),D,,,Use blended defaults and review unusual items manually.,Demand history too light for standard reorder rule
F-00377,Loacker GP Bisc Orange Choc 3.53oz(#10397),3,LA,671.0,732.0,0.0,0.0,0.0,0.0,0,Other,,94.0,po_history_item_location,1.25,0.0,0.0,0.0,-671.0,,,No recent demand,Low,,0.0,0,0.0,12.0,,DM2LO9A,Loacker,25.61,,Loacker,Loacker,F,ACTIVE,CIF,Use blended defaults and review unusual items manually.,Demand history too light for standard reorder rule
F-20141,Ferrero Coll. 24 pcs (w/Hazelnut)#20148,3,LA,800.0,860.0,60.1,1.98,26.3,60.5,1,Health Food,Health Food:29.6; Asian Market:14.5; American Market:9.7; eCom:3.3; Other:3.0,20.0,po_history_item_location,1.2,68.7,108.3,177.4,-691.7,404.9,2027-05-27,Healthy,Low,2027-04-03,0.0,0,0.0,6.0,,DM9FE1A,Ferrero USA,52.01,,Ferrero,Ferrero/ Kinder/Nutella,F,ACTIVE,ToDoor/Delivery,Use smoother trailing history due to distributor lag.,Suppressed demand uplift included
F-20141,Ferrero Coll. 24 pcs (w/Hazelnut)#20148,1,SF,800.0,860.0,40.5,1.33,35.7,0.0,0,Asian Market,Asian Market:20.0; American Market:14.9; Other:3.9; eCom:1.1; Health Food:0.5,21.0,po_history_item_location,1.65,57.8,85.8,123.0,-714.2,601.0,2027-12-09,Healthy,Low,2027-10-06,0.0,0,0.0,6.0,,DM9FE1A,Ferrero USA,45.59,,Ferrero,Ferrero/ Kinder/Nutella,F,ACTIVE,ToDoor/Delivery,Bias upward because demand can spike opportunistically.,
AC-B16BK,AM GSG Root (Mixed) 1 lb Bag,2,NJ,1044.0,1139.0,49.1,1.61,0.0,261.5,5,Asian Market,American Market:22.0; Asian Market:20.0; eCom:5.3; Other:1.7,90.0,default_90d,1.65,183.9,329.2,392.2,-714.8,646.8,2028-01-24,Healthy,Low,2027-07-04,0.0,0,0.0,24.0,,,POP ,,,,,,,,Bias upward because demand can spike opportunistically.,Lead time fallback used; Suppressed demand uplift included; Primary vendor missing
F-00372,Loacker GP Bisc Noisette Choc 3.53oz(#10392),2,NJ,720.0,768.0,0.0,0.0,0.0,0.0,0,Other,,71.5,po_history_item_location,1.25,0.0,0.0,0.0,-720.0,,,No recent demand,Low,,0.0,0,0.0,12.0,,DM2LO9A,Loacker,25.61,,Loacker,Loacker,F,ACTIVE,CIF,Use blended defaults and review unusual items manually.,Demand history too light for standard reorder rule
T-32202,Tiger Balm Single Patch 12ct/disp,1,SF,5232.0,27768.0,2282.2,75.07,0.0,0.0,1,American Market,American Market:2280.6; Other:1.2; Health Food:0.4,28.5,po_history_item_location,1.4,2366.6,4506.2,7133.8,-725.8,69.7,2026-06-26,Healthy,Low,2026-04-27,1901.8,2016,14.0,144.0,,LC9T12A,HPH,6.24,12570.77,Tiger Balm,Tiger Balm,T,ACTIVE,CIF,Blend recent trend with seasonal planogram behavior.,
F-00376,Loacker GP Bisc Coconut Choc 3.53oz(#10396),2,NJ,768.0,768.0,0.0,0.0,0.0,0.0,0,Other,,71.5,po_history_item_location,1.25,0.0,0.0,0.0,-768.0,,,No recent demand,Low,,0.0,0,0.0,12.0,,DM2LO9A,Loacker,25.61,,Loacker,Loacker,F,ACTIVE,CIF,Use blended defaults and review unusual items manually.,Demand history too light for standard reorder rule
D-15206,POP OG Oolong Tea 1.8gx100 (6ct/cs),1,SF,1028.0,1500.0,20.9,0.69,0.0,0.0,0,Health Food,American Market:8.4; Asian Market:5.5; Health Food:5.1; Other:1.2; eCom:0.7,101.5,po_history_item_location,1.2,145.0,214.9,248.0,-813.1,1492.3,2030-05-19,Healthy,Low,2029-07-11,0.0,0,0.0,6.0,6000.0,IM9WU1B,WHYD,8.61,,POP,Chinese Teabags/Gift Tea in bulk,D,ACTIVE,CIF,Use smoother trailing history due to distributor lag.,
F-50140,Gavottes Crepes 1250g #011120,3,LA,844.0,1068.0,0.0,0.0,0.0,0.0,0,Other,,118.0,po_history_item_location,1.25,0.0,0.0,0.0,-844.0,,,No recent demand,Low,,0.0,0,,,,IM9LO3A,,80.7,,Loc Maria,Trou Mad,F,ACTIVE,EXW,Use blended defaults and review unusual items manually.,Demand history too light for standard reorder rule
F-50140,Gavottes Crepes 1250g #011120,2,NJ,847.0,1407.0,0.0,0.0,0.0,0.0,0,Other,,99.5,po_history_item_location,1.25,0.0,0.0,0.0,-847.0,,,No recent demand,Low,,0.0,0,,,,IM9LO3A,,80.55,,Loc Maria,Trou Mad,F,ACTIVE,EXW,Use blended defaults and review unusual items manually.,Demand history too light for standard reorder rule
D-04043,POP In Ginger H Cytl w/Lemon 18gx30,1,SF,853.0,2844.0,0.0,0.0,0.0,0.0,0,Other,,98.0,po_history_item_location,1.25,0.0,0.0,0.0,-853.0,,,No recent demand,Low,,0.0,0,0.0,30.0,9000.0,IM9HA8A,HN,49.33,,POP,Ginger Honey Crystals,D,ACTIVE,CIF,Use blended defaults and review unusual items manually.,Demand history too light for standard reorder rule
F-00375,Loacker GP Bisc Cappuc Choc 3.53oz(#10398),1,SF,924.0,984.0,0.0,0.0,0.0,0.0,0,Other,,101.0,po_history_item_location,1.25,0.0,0.0,0.0,-924.0,,,No recent demand,Low,,0.0,0,0.0,12.0,,DM2LO9A,Loacker,25.61,,Loacker,Loacker,F,ACTIVE,CIF,Use blended defaults and review unusual items manually.,Demand history too light for standard reorder rule
F-00376,Loacker GP Bisc Coconut Choc 3.53oz(#10396),3,LA,936.0,1020.0,0.0,0.0,0.0,0.0,0,Other,,94.0,po_history_item_location,1.25,0.0,0.0,0.0,-936.0,,,No recent demand,Low,,0.0,0,0.0,12.0,,DM2LO9A,Loacker,25.61,,Loacker,Loacker,F,ACTIVE,CIF,Use blended defaults and review unusual items manually.,Demand history too light for standard reorder rule
T-32224,Tiger Balm Single Patch (2x12),2,NJ,5000.0,5000.0,1372.7,45.15,0.0,0.0,0,American Market,American Market:1372.7,90.0,default_90d,1.4,0.0,4063.9,6141.0,-936.1,110.7,2026-08-06,Healthy,Low,2026-05-08,1141.0,1142,,,,,,,,,,,,,Blend recent trend with seasonal planogram behavior.,Lead time fallback used; Primary vendor missing
AC-B4BK,AM GSG Root (Mixed) 4 oz Bag,2,NJ,1718.0,1848.0,115.5,3.8,0.0,277.0,1,American Market,Asian Market:29.0; American Market:25.2; Health Food:8.8; Other:5.0; eCom:1.4,90.0,default_90d,1.4,378.6,720.6,895.4,-997.4,452.1,2027-07-14,Healthy,Low,2027-01-05,0.0,0,0.0,60.0,,,POP ,,,,,,,,Blend recent trend with seasonal planogram behavior.,Lead time fallback used; Suppressed demand uplift included; Primary vendor missing
F-00375,Loacker GP Bisc Cappuc Choc 3.53oz(#10398),3,LA,1015.0,1164.0,0.0,0.0,0.0,0.0,0,Other,,89.0,po_history_item_location,1.25,0.0,0.0,0.0,-1015.0,,,No recent demand,Low,,0.0,0,0.0,12.0,,DM2LO9A,Loacker,25.61,,Loacker,Loacker,F,ACTIVE,CIF,Use blended defaults and review unusual items manually.,Demand history too light for standard reorder rule
F-97000,MX Eggrolls (32pcs),3,LA,1128.0,1200.0,0.0,0.0,0.0,0.0,0,Other,,549.0,po_history_item,1.25,0.0,0.0,0.0,-1128.0,,,No recent demand,Low,,0.0,0,,,,IM9ME1A,,134.93,,Mei-Xin,Maxim,F,ACTIVE,EXW,Use blended defaults and review unusual items manually.,Demand history too light for standard reorder rule
F-00378,Loacker GP Dark Hazelnut 3.53oz(#10338),3,LA,1141.0,1200.0,0.0,0.0,0.0,0.0,0,Other,,91.0,po_history_item_location,1.25,0.0,0.0,0.0,-1141.0,,,No recent demand,Low,,0.0,0,0.0,12.0,,DM2LO9A,Loacker,25.61,,Loacker,Loacker,F,ACTIVE,CIF,Use blended defaults and review unusual items manually.,Demand history too light for standard reorder rule
F-97000,MX Eggrolls (32pcs),1,SF,1152.0,1440.0,0.0,0.0,0.0,0.0,0,Other,,549.0,po_history_item,1.25,0.0,0.0,0.0,-1152.0,,,No recent demand,Low,,0.0,0,,,,IM9ME1A,,134.93,,Mei-Xin,Maxim,F,ACTIVE,EXW,Use blended defaults and review unusual items manually.,Demand history too light for standard reorder rule
F-00372,Loacker GP Bisc Noisette Choc 3.53oz(#10392),1,SF,1164.0,1248.0,0.0,0.0,0.0,0.0,0,Other,,99.5,po_history_item_location,1.25,0.0,0.0,0.0,-1164.0,,,No recent demand,Low,,0.0,0,0.0,12.0,,DM2LO9A,Loacker,25.61,,Loacker,Loacker,F,ACTIVE,CIF,Use blended defaults and review unusual items manually.,Demand history too light for standard reorder rule
F-00373,Loacker GP White Coconut 3.53oz,3,LA,1186.0,1320.0,0.0,0.0,0.0,0.0,0,Other,,91.5,po_history_item_location,1.25,0.0,0.0,0.0,-1186.0,,,No recent demand,Low,,0.0,0,0.0,12.0,,DM2LO9A,Loacker,25.61,,Loacker,Loacker,F,ACTIVE,CIF,Use blended defaults and review unusual items manually.,Demand history too light for standard reorder rule
F-00373,Loacker GP White Coconut 3.53oz,2,NJ,1199.0,1211.0,0.0,0.0,0.0,0.0,0,Other,,71.0,po_history_item_location,1.25,0.0,0.0,0.0,-1199.0,,,No recent demand,Low,,0.0,0,0.0,12.0,,DM2LO9A,Loacker,25.61,,Loacker,Loacker,F,ACTIVE,CIF,Use blended defaults and review unusual items manually.,Demand history too light for standard reorder rule
F-00372,Loacker GP Bisc Noisette Choc 3.53oz(#10392),3,LA,1272.0,1440.0,0.0,0.0,0.0,0.0,0,Other,,95.0,po_history_item_location,1.25,0.0,0.0,0.0,-1272.0,,,No recent demand,Low,,0.0,0,0.0,12.0,,DM2LO9A,Loacker,25.61,,Loacker,Loacker,F,ACTIVE,CIF,Use blended defaults and review unusual items manually.,Demand history too light for standard reorder rule
F-00375,Loacker GP Bisc Cappuc Choc 3.53oz(#10398),2,NJ,1320.0,1356.0,0.0,0.0,0.0,0.0,0,Other,,76.0,po_history_item_location,1.25,0.0,0.0,0.0,-1320.0,,,No recent demand,Low,,0.0,0,0.0,12.0,,DM2LO9A,Loacker,25.61,,Loacker,Loacker,F,ACTIVE,CIF,Use blended defaults and review unusual items manually.,Demand history too light for standard reorder rule
A-61117,AM GSG Candy 1 lb / Bag,1,SF,1668.0,1878.0,49.0,1.61,0.0,0.0,0,eCom,Health Food:21.2; Asian Market:15.5; eCom:6.5; American Market:4.5; Other:1.2,98.0,po_history_item_location,1.05,182.2,340.2,395.1,-1327.8,1034.5,2029-02-15,Healthy,Low,2028-07-19,0.0,0,0.0,22.0,,IM9GO3A,GL,53.39,,POP,Am GSG Candy,A,ACTIVE,EXW,Use longer trailing history for long-tail demand.,
F-12402,Ferrero Rocher 24 Pcs Diamond,2,NJ,2020.0,2704.0,442.2,14.55,517.3,666.0,2,American Market,American Market:189.3; Asian Market:161.0; Health Food:24.0; Other:6.6,16.0,po_history_item_location,1.4,427.0,659.7,1168.8,-1360.3,138.9,2026-09-03,Healthy,Low,2026-07-20,0.0,0,0.0,6.0,,DM9FE1A,Ferrero USA,47.08,,Ferrero,Ferrero/ Kinder/Nutella,F,ACTIVE,ToDoor/Delivery,Blend recent trend with seasonal planogram behavior.,Suppressed demand uplift included
AC-B16BK,AM GSG Root (Mixed) 1 lb Bag,1,SF,4507.0,4697.0,463.8,15.26,0.0,0.0,0,American Market,American Market:183.8; Asian Market:136.0; Health Food:116.9; eCom:21.7; Other:5.4,90.0,default_90d,1.4,1751.5,3124.5,3826.2,-1382.5,295.4,2027-02-07,Healthy,Low,2026-07-17,0.0,0,0.0,24.0,,,POP ,,,,,,,,Blend recent trend with seasonal planogram behavior.,Lead time fallback used; Primary vendor missing
T-32224,Tiger Balm Single Patch (2x12),1,SF,3084.0,3084.0,428.4,14.09,0.0,1071.0,1,American Market,American Market:428.4,90.0,default_90d,1.4,431.8,1700.1,2348.3,-1383.9,218.8,2026-11-22,Healthy,Low,2026-07-25,0.0,0,,,,,,,,,,,,,Blend recent trend with seasonal planogram behavior.,Lead time fallback used; Suppressed demand uplift included; Primary vendor missing
D-04033,POP In Ginger H Cytl w/Turmeric 18gx25,1,SF,1404.0,1674.0,0.0,0.0,0.0,0.0,0,Other,,25.0,po_history_item_location,1.25,0.0,0.0,0.0,-1404.0,,,No recent demand,Low,,0.0,0,0.0,30.0,9000.0,IM9HA8A,HN,51.96,,POP,Ginger Honey Crystals,D,ACTIVE,CIF,Use blended defaults and review unusual items manually.,Demand history too light for standard reorder rule
F-12402,Ferrero Rocher 24 Pcs Diamond,1,SF,1502.0,1730.0,65.4,2.15,59.0,0.0,0,Asian Market,American Market:34.2; Asian Market:23.5; Health Food:5.0; Other:2.0; eCom:0.6,21.0,po_history_item_location,1.65,42.1,87.2,147.4,-1414.8,698.4,2028-03-16,Healthy,Low,2028-02-04,0.0,0,0.0,6.0,,DM9FE1A,Ferrero USA,47.33,,Ferrero,Ferrero/ Kinder/Nutella,F,ACTIVE,ToDoor/Delivery,Bias upward because demand can spike opportunistically.,
J-63006,Mazola Corn Oil 128 oz (1 gal),3,LA,1470.0,1470.0,0.0,0.0,0.0,0.0,0,Other,,17.0,po_history_item_location,1.25,0.0,0.0,0.0,-1470.0,,,No recent demand,Low,,0.0,0,0.0,6.0,,DM9AC1B,ACH,67.76,,Mazola,Mazola,J,ACTIVE,ToDoor/Delivery,Use blended defaults and review unusual items manually.,Demand history too light for standard reorder rule
F-97000,MX Eggrolls (32pcs),2,NJ,2976.0,3024.0,42.8,1.41,0.0,458.5,3,eCom,Other:20.2; eCom:12.3; Asian Market:9.5; Health Food:0.8,549.0,po_history_item_location,1.05,731.4,1503.8,1678.2,-1472.2,2115.4,2032-02-01,Healthy,Low,2029-02-27,0.0,0,,,,IM9ME1A,,134.93,,Mei-Xin,Maxim,F,ACTIVE,EXW,Use longer trailing history for long-tail demand.,Suppressed demand uplift included
A-61220,AM GSG RT Tea 20 Bags,2,NJ,1903.0,1943.0,18.4,0.6,0.0,200.5,2,Asian Market,eCom:3.9; Other:0.5; Health Food:0.1,90.0,default_90d,1.65,168.7,223.1,246.6,-1679.9,3148.4,2034-11-30,Healthy,Low,2033-11-26,0.0,0,0.0,40.0,,,ST/ QT,,,,,,,,Bias upward because demand can spike opportunistically.,Lead time fallback used; Suppressed demand uplift included; Primary vendor missing
T-31520,Tiger Balm Ultra 10g,3,LA,6544.0,6544.0,911.6,29.99,0.0,0.0,3,American Market,American Market:875.0; Asian Market:34.5; Other:2.1,14.5,po_history_item_location,1.4,4301.3,4736.1,5785.6,-1807.9,218.2,2026-11-22,Healthy,Low,2026-06-17,0.0,0,0.0,60.0,49992.0,LC9T12A,HPH,18.2,,Tiger Balm,Tiger Balm,T,ACTIVE,CIF,Blend recent trend with seasonal planogram behavior.,
D-04011,POP In Ginger Honey Cytl 18gx30,1,SF,1927.0,4221.0,0.0,0.0,0.0,0.0,0,Other,,130.0,po_history_item_location,1.25,0.0,0.0,0.0,-1927.0,,,No recent demand,Low,,0.0,0,0.0,30.0,9000.0,IM9HA8A,HN,49.33,,POP,Ginger Honey Crystals,D,ACTIVE,CIF,Use blended defaults and review unusual items manually.,Demand history too light for standard reorder rule
A-61260N,AM GSG RT Tea 60 Bags,3,LA,2263.0,2533.0,37.8,1.24,0.0,0.0,0,American Market,Health Food:21.0; American Market:11.2; Asian Market:5.5; eCom:0.1,90.0,default_90d,1.4,158.1,270.0,327.1,-1993.0,1821.6,2031-04-13,Healthy,Low,2030-09-08,0.0,0,0.0,15.0,,,ST/ QT,,,,,,,,Blend recent trend with seasonal planogram behavior.,Lead time fallback used; Primary vendor missing
A-61012,Wild AM GSG Instant Tea 3gx10x8,3,LA,3070.0,3332.0,44.3,1.46,0.0,121.0,1,Asian Market,Health Food:36.1; American Market:4.2; Asian Market:3.5; eCom:0.5,91.2,item_spec,1.65,782.2,915.1,971.9,-2154.9,2107.1,2032-01-24,Healthy,Low,2030-05-06,0.0,0,0.0,12.0,,,POP ,,,,,,,,Bias upward because demand can spike opportunistically.,Suppressed demand uplift included; Primary vendor missing
F-12122,Ferrero Rocher 12 Pcs,3,LA,2268.0,2388.0,68.9,2.27,46.7,0.0,0,Health Food,Health Food:33.2; Asian Market:15.0; American Market:12.4; Other:4.1; eCom:4.1,17.0,po_history_item_location,1.2,49.8,88.3,167.6,-2179.7,1001.3,2029-01-13,Healthy,Low,2028-12-05,0.0,0,0.0,12.0,,DM9FE1A,Ferrero USA,41.62,,Ferrero,Ferrero/ Kinder/Nutella,F,ACTIVE,ToDoor/Delivery,Use smoother trailing history due to distributor lag.,
D-14206,POP OG Jasmine Tea 1.8gx100 (6ct/cs),3,LA,2716.0,3358.0,39.3,1.29,0.0,240.0,1,Asian Market,Asian Market:25.0; American Market:9.1; Other:2.6; Health Food:2.1; eCom:0.4,113.5,po_history_item_location,1.65,274.7,421.3,478.1,-2294.7,2102.3,2032-01-19,Healthy,Low,2031-02-27,0.0,0,0.0,6.0,6000.0,IM9WU1B,WHYD,10.81,,POP,Chinese Teabags/Gift Tea in bulk,D,ACTIVE,CIF,Bias upward because demand can spike opportunistically.,Suppressed demand uplift included
D-03052,POP HT Blood Pressure 1.8gx18,3,LA,2614.0,3958.0,0.0,0.0,0.0,0.0,0,Other,,53.5,po_history_item,1.25,0.0,0.0,0.0,-2614.0,,,No recent demand,Low,,0.0,0,0.0,12.0,,DM9SU9A,ST,0.84,,POP,PG ColdA/FluAid (Produtions),D,,,Use blended defaults and review unusual items manually.,Demand history too light for standard reorder rule
F-12122,Ferrero Rocher 12 Pcs,2,NJ,3048.0,4044.0,318.5,10.48,337.0,0.0,0,Asian Market,Asian Market:174.5; American Market:128.5; Other:12.0; Health Food:3.5,16.0,po_history_item_location,1.65,216.4,384.0,677.4,-2664.0,290.9,2027-02-02,Healthy,Low,2026-12-28,0.0,0,0.0,12.0,,DM9FE1A,Ferrero USA,41.62,,Ferrero,Ferrero/ Kinder/Nutella,F,ACTIVE,ToDoor/Delivery,Bias upward because demand can spike opportunistically.,
D-13206,POP OG Green Tea 1.8gx100 (6ct/cs),1,SF,2949.0,3411.0,36.5,1.2,0.0,0.0,0,Health Food,American Market:15.4; Asian Market:10.0; Other:7.5; eCom:2.3; Health Food:1.4,84.0,po_history_item_location,1.2,129.6,230.5,284.6,-2718.5,2453.4,2033-01-04,Healthy,Low,2032-06-26,0.0,0,0.0,6.0,6000.0,IM9WU1B,WHYD,8.51,,POP,Chinese Teabags/Gift Tea in bulk,D,ACTIVE,CIF,Use smoother trailing history due to distributor lag.,
F-04073,POP Ginger Chews Mango 8 oz,3,LA,3307.0,3419.0,19.7,0.65,0.0,97.0,3,Asian Market,Asian Market:3.5; American Market:2.4; eCom:0.1,91.2,item_spec,1.65,500.9,560.0,585.2,-2747.0,5107.5,2036-04-15,Healthy,Low,2036-04-15,0.0,0,0.0,8.0,,IM9SI1A,SNA,7.42,,POP,Ginger Chews,F,ACTIVE,FOB,Bias upward because demand can spike opportunistically.,Suppressed demand uplift included
AC-B4BK,AM GSG Root (Mixed) 4 oz Bag,1,SF,8137.0,9550.0,602.3,19.81,0.0,0.0,0,American Market,Health Food:311.1; American Market:161.3; Asian Market:89.5; Other:23.9; eCom:16.5,90.0,default_90d,1.4,3588.5,5371.8,6283.2,-2765.2,410.7,2027-06-02,Healthy,Low,2026-09-04,0.0,0,0.0,60.0,,,POP ,,,,,,,,Blend recent trend with seasonal planogram behavior.,Lead time fallback used; Primary vendor missing
A-61012,Wild AM GSG Instant Tea 3gx10x8,1,SF,3773.0,4228.0,86.0,2.83,0.0,172.0,2,Other,Other:39.6; eCom:22.4; Health Food:13.5; Asian Market:9.5; American Market:1.0,91.2,item_spec,1.25,721.8,979.8,1090.2,-2793.2,1333.7,2029-12-11,Healthy,Low,2028-12-30,0.0,0,0.0,12.0,,,POP ,,,,,,,,Use blended defaults and review unusual items manually.,Suppressed demand uplift included; Primary vendor missing
D-03052,POP HT Blood Pressure 1.8gx18,2,NJ,2852.0,4100.0,0.0,0.0,0.0,0.0,0,Other,,53.5,po_history_item,1.25,0.0,0.0,0.0,-2852.0,,,No recent demand,Low,,0.0,0,0.0,12.0,,DM9SU9A,ST,0.84,,POP,PG ColdA/FluAid (Produtions),D,,,Use blended defaults and review unusual items manually.,Demand history too light for standard reorder rule
A-61012,Wild AM GSG Instant Tea 3gx10x8,2,NJ,3533.0,3839.0,75.5,2.48,0.0,0.0,0,eCom,eCom:26.1; Asian Market:23.5; Health Food:23.1; Other:1.4; American Market:1.4,91.2,item_spec,1.05,323.2,549.7,629.2,-2983.3,1422.7,2030-03-10,Healthy,Low,2029-08-01,0.0,0,0.0,12.0,,,POP ,,,,,,,,Use longer trailing history for long-tail demand.,Primary vendor missing
F-76010,Kjeldsens 1 lb Danish Cookie(#98838),2,NJ,3721.0,4729.0,136.3,4.48,153.3,133.0,1,American Market,American Market:54.1; Asian Market:33.3; eCom:23.5; Health Food:2.0; Other:1.2,111.0,po_history_item_location,1.4,233.0,730.6,954.7,-2990.4,830.0,2028-07-26,Healthy,Low,2028-02-14,0.0,0,,,,DM9FE1A,,51.89,,Ferrero,Ferrero/ Kinder/Nutella,F,ACTIVE,ToDoor/Delivery,Blend recent trend with seasonal planogram behavior.,Suppressed demand uplift included
D-04037,POP Ginger H Cytl.Lemon 10ct(6x6),3,LA,2997.0,5052.0,0.0,0.0,0.0,0.0,0,Other,,85.0,po_history_item_location,1.25,0.0,0.0,0.0,-2997.0,,,No recent demand,Low,,0.0,0,0.0,36.0,3600.0,IM9HA8A,HN,27.94,,POP,Ginger Honey Crystals,D,ACTIVE,CIF,Use blended defaults and review unusual items manually.,Demand history too light for standard reorder rule
F-04074,POP Ginger Chews Lychee 8 oz,3,LA,4016.0,5436.0,45.5,1.5,0.0,50.0,1,Other,eCom:18.4; Other:14.4; American Market:2.1; Asian Market:1.5; Health Food:0.8,158.5,po_history_item_location,1.25,628.7,866.1,945.5,-3149.9,2681.3,2033-08-20,Healthy,Low,2032-01-20,0.0,0,0.0,8.0,,IM9SI1A,SNA,7.42,,POP,Ginger Chews,F,ACTIVE,FOB,Use blended defaults and review unusual items manually.,Suppressed demand uplift included
D-03053,POP HT Blood Sugar 1.8gx18,3,LA,3219.0,4587.0,0.0,0.0,0.0,0.0,0,Other,,42.0,po_history_item,1.25,0.0,0.0,0.0,-3219.0,,,No recent demand,Low,,0.0,0,0.0,12.0,,DM9SU9A,ST,0.82,,POP,PG ColdA/FluAid (Produtions),D,,,Use blended defaults and review unusual items manually.,Demand history too light for standard reorder rule
AC-B8BK,AM GSG Root (Mixed) 8 oz Bag,1,SF,6644.0,7321.0,517.2,17.01,0.0,0.0,0,American Market,American Market:261.1; Health Food:227.1; Other:29.0,90.0,default_90d,1.4,1860.1,3391.4,4174.0,-3252.6,390.5,2027-05-13,Healthy,Low,2026-10-26,0.0,0,0.0,42.0,,,POP ,,,,,,,,Blend recent trend with seasonal planogram behavior.,Lead time fallback used; Primary vendor missing
D-04033,POP In Ginger H Cytl w/Turmeric 18gx25,3,LA,3519.0,5140.0,0.0,0.0,0.0,0.0,0,Other,,104.0,po_history_item_location,1.25,0.0,0.0,0.0,-3519.0,,,No recent demand,Low,,0.0,0,0.0,30.0,9000.0,IM9HA8A,HN,46.46,,POP,Ginger Honey Crystals,D,ACTIVE,CIF,Use blended defaults and review unusual items manually.,Demand history too light for standard reorder rule
J-63006,Mazola Corn Oil 128 oz (1 gal),1,SF,3594.0,6888.0,0.0,0.0,0.0,0.0,0,Other,,17.0,po_history_item_location,1.25,0.0,0.0,0.0,-3594.0,,,No recent demand,Low,,0.0,0,0.0,6.0,,DM9AC1B,ACH,67.76,,Mazola,Mazola,J,ACTIVE,ToDoor/Delivery,Use blended defaults and review unusual items manually.,Demand history too light for standard reorder rule
A-61260N,AM GSG RT Tea 60 Bags,1,SF,4245.0,5331.0,87.9,2.89,0.0,0.0,0,American Market,American Market:33.9; Health Food:25.2; Asian Market:24.0; Other:3.9; eCom:0.7,90.0,default_90d,1.4,292.1,552.3,685.3,-3692.7,1468.4,2030-04-25,Healthy,Low,2029-10-16,0.0,0,0.0,15.0,,,ST/ QT,,,,,,,,Blend recent trend with seasonal planogram behavior.,Lead time fallback used; Primary vendor missing
A-61243,AM GSG RT Tea 40 Bags,3,LA,3787.0,4007.0,0.0,0.0,0.0,0.0,0,Other,,90.0,default_90d,1.25,0.0,0.0,0.0,-3787.0,,,No recent demand,Low,,0.0,0,0.0,20.0,,,ST/ QT,,,,,,,,Use blended defaults and review unusual items manually.,Lead time fallback used; Primary vendor missing; Demand history too light for standard reorder rule
D-03053,POP HT Blood Sugar 1.8gx18,1,SF,3790.0,4057.0,0.0,0.0,0.0,0.0,0,Other,,42.0,po_history_item_location,1.25,0.0,0.0,0.0,-3790.0,,,No recent demand,Low,,0.0,0,0.0,12.0,,DM9SU9A,ST,0.82,,POP,PG ColdA/FluAid (Produtions),D,,,Use blended defaults and review unusual items manually.,Demand history too light for standard reorder rule
D-18206,POP OG White Tea 1.8gx100 (6ct/cs),3,LA,4385.0,4397.0,55.1,1.81,0.0,497.0,3,Asian Market,Asian Market:17.0; American Market:2.1; eCom:0.5; Other:0.5,95.0,po_history_item_location,1.65,405.2,577.5,650.1,-3807.5,2417.8,2032-11-29,Healthy,Low,2032-01-16,0.0,0,0.0,6.0,6000.0,IM9WU1B,WHYD,10.04,,POP,Chinese Teabags/Gift Tea in bulk,D,ACTIVE,CIF,Bias upward because demand can spike opportunistically.,Suppressed demand uplift included
D-03054,POP HT Cholesterol 1.8gx18,2,NJ,4226.0,4533.0,0.0,0.0,0.0,0.0,0,Other,,72.0,po_history_item,1.25,0.0,0.0,0.0,-4226.0,,,No recent demand,Low,,0.0,0,0.0,12.0,,DM9SU9A,ST,0.87,,POP,PG ColdA/FluAid (Produtions),D,,,Use blended defaults and review unusual items manually.,Demand history too light for standard reorder rule
D-14206,POP OG Jasmine Tea 1.8gx100 (6ct/cs),1,SF,4512.0,4773.0,25.2,0.83,0.0,0.0,0,Other,Asian Market:7.5; American Market:6.6; Other:6.3; Health Food:4.4; eCom:0.4,83.5,po_history_item_location,1.25,124.4,193.7,225.2,-4318.3,5437.7,2036-04-15,Healthy,Low,2036-04-15,0.0,0,0.0,6.0,6000.0,IM9WU1B,WHYD,10.69,,POP,Chinese Teabags/Gift Tea in bulk,D,ACTIVE,CIF,Use blended defaults and review unusual items manually.,
D-03053,POP HT Blood Sugar 1.8gx18,2,NJ,4349.0,4619.0,0.0,0.0,0.0,0.0,0,Other,,42.0,po_history_item,1.25,0.0,0.0,0.0,-4349.0,,,No recent demand,Low,,0.0,0,0.0,12.0,,DM9SU9A,ST,0.82,,POP,PG ColdA/FluAid (Produtions),D,,,Use blended defaults and review unusual items manually.,Demand history too light for standard reorder rule
D-14206,POP OG Jasmine Tea 1.8gx100 (6ct/cs),2,NJ,4834.0,5764.0,43.0,1.41,0.0,0.0,0,American Market,American Market:18.5; Asian Market:9.0; Health Food:8.0; eCom:5.7; Other:1.7,102.0,po_history_item_location,1.4,206.9,351.1,419.0,-4482.9,3418.9,2035-08-27,Healthy,Low,2034-12-22,0.0,0,0.0,6.0,6000.0,IM9WU1B,WHYD,11.15,,POP,Chinese Teabags/Gift Tea in bulk,D,ACTIVE,CIF,Blend recent trend with seasonal planogram behavior.,
A-61220,AM GSG RT Tea 20 Bags,1,SF,4992.0,4999.0,30.4,1.0,0.0,182.0,4,American Market,Other:18.8; Health Food:9.8; eCom:1.9,90.0,default_90d,1.4,404.4,494.3,540.3,-4497.7,4997.5,2036-04-15,Healthy,Low,2036-04-15,0.0,0,0.0,40.0,,,ST/ QT,,,,,,,,Blend recent trend with seasonal planogram behavior.,Lead time fallback used; Suppressed demand uplift included; Primary vendor missing
F-04001,POP Ginger Chews Original 1 lb Bulk,1,SF,4943.0,5324.0,17.3,0.57,0.0,128.0,2,American Market,American Market:11.5; eCom:4.3; Other:1.4,136.0,po_history_item_location,1.4,185.0,262.6,293.9,-4680.4,8669.3,2036-04-15,Healthy,Low,2036-04-15,0.0,0,0.0,12.0,,IM9PT2A,PTA,17.89,,POP,Ginger Chews,F,ACTIVE,FOB,Blend recent trend with seasonal planogram behavior.,Suppressed demand uplift included
J-63004,Mazola Corn Oil 40 oz,2,NJ,4980.0,4980.0,0.0,0.0,0.0,0.0,0,Other,,16.0,po_history_item_location,1.25,0.0,0.0,0.0,-4980.0,,,No recent demand,Low,,0.0,0,0.0,12.0,,DM9AC1B,ACH,44.05,,Mazola,Mazola,J,ACTIVE,ToDoor/Delivery,Use blended defaults and review unusual items manually.,Demand history too light for standard reorder rule
D-18206,POP OG White Tea 1.8gx100 (6ct/cs),1,SF,5374.0,5481.0,7.8,0.26,0.0,88.5,1,Health Food,American Market:2.4; Health Food:2.1; Asian Market:1.5; Other:0.9; eCom:0.9,96.5,po_history_item_location,1.2,31.8,56.7,68.8,-5317.3,20833.5,2036-04-15,Healthy,Low,2036-04-15,0.0,0,0.0,6.0,6000.0,IM9WU1B,WHYD,10.19,,POP,Chinese Teabags/Gift Tea in bulk,D,ACTIVE,CIF,Use smoother trailing history due to distributor lag.,Suppressed demand uplift included
F-04075,POP Ginger Chews Blood Orange 8 oz,3,LA,5589.0,5701.0,2.8,0.09,0.0,94.5,3,Asian Market,Asian Market:2.0; Health Food:0.6; eCom:0.2,158.5,po_history_item_location,1.65,234.1,248.8,253.7,-5340.2,60143.6,2036-04-15,Healthy,Low,2036-04-15,0.0,0,0.0,8.0,,IM9SI1A,SNA,7.42,,POP,Ginger Chews,F,ACTIVE,FOB,Bias upward because demand can spike opportunistically.,Suppressed demand uplift included
D-18206,POP OG White Tea 1.8gx100 (6ct/cs),2,NJ,5762.0,6792.0,19.6,0.65,0.0,196.0,1,Health Food,eCom:7.6; Asian Market:6.5; Health Food:3.0; American Market:2.4; Other:0.1,131.0,po_history_item_location,1.2,290.4,375.0,409.9,-5387.0,8914.2,2036-04-15,Healthy,Low,2036-04-15,0.0,0,0.0,6.0,6000.0,IM9WU1B,WHYD,10.55,,POP,Chinese Teabags/Gift Tea in bulk,D,ACTIVE,CIF,Use smoother trailing history due to distributor lag.,Suppressed demand uplift included
J-63004,Mazola Corn Oil 40 oz,1,SF,5424.0,5820.0,0.0,0.0,0.0,0.0,0,Other,,17.0,po_history_item_location,1.25,0.0,0.0,0.0,-5424.0,,,No recent demand,Low,,0.0,0,0.0,12.0,,DM9AC1B,ACH,43.92,,Mazola,Mazola,J,ACTIVE,ToDoor/Delivery,Use blended defaults and review unusual items manually.,Demand history too light for standard reorder rule
A-61260N,AM GSG RT Tea 60 Bags,2,NJ,6743.0,9554.0,251.1,8.26,0.0,0.0,1,American Market,American Market:168.7; Health Food:42.1; Asian Market:39.5; Other:0.8,90.0,default_90d,1.4,396.3,1139.8,1519.8,-5603.2,816.3,2028-07-12,Healthy,Low,2028-02-25,0.0,0,0.0,15.0,,,ST/ QT,,,,,,,,Blend recent trend with seasonal planogram behavior.,Lead time fallback used; Primary vendor missing
F-04131,POP Ginger Chews Plus+ Lemon 3 oz,1,SF,5870.0,12926.0,8.7,0.29,0.0,62.5,2,Asian Market,Other:6.9; Health Food:0.8; American Market:0.7; eCom:0.3,140.5,po_history_item_location,1.65,200.6,240.7,254.7,-5629.3,20550.6,2036-04-15,Healthy,Low,2036-04-15,0.0,0,0.0,36.0,,IM9SI1A,SNA,16.15,,POP,Ginger Chews,F,ACTIVE,FOB,Bias upward because demand can spike opportunistically.,Suppressed demand uplift included
J-72402,Totole Chicken Bouillon 2.2 lbs,1,SF,6094.0,7032.0,516.4,16.99,510.0,623.0,1,American Market,American Market:294.3; Asian Market:200.7; eCom:13.3; Other:4.1; Health Food:4.0,10.0,po_history_item_location,1.4,242.8,412.7,1007.2,-5681.3,358.7,2027-04-11,Healthy,Low,2027-03-18,0.0,0,0.0,12.0,2880.0,DM9AM9B,TKN,82.0,,Totole,Totole,J,ACTIVE,,Blend recent trend with seasonal planogram behavior.,Suppressed demand uplift included
A-61220,AM GSG RT Tea 20 Bags,3,LA,7013.0,7836.0,169.9,5.59,0.0,274.5,2,Asian Market,American Market:128.4; Health Food:38.2; Asian Market:2.5; eCom:0.5; Other:0.2,90.0,default_90d,1.65,813.8,1316.8,1534.8,-5696.2,1254.7,2029-09-23,Healthy,Low,2029-01-31,0.0,0,0.0,40.0,,,ST/ QT,,,,,,,,Bias upward because demand can spike opportunistically.,Lead time fallback used; Suppressed demand uplift included; Primary vendor missing
A-61243,AM GSG RT Tea 40 Bags,1,SF,5855.0,6415.0,0.0,0.0,0.0,0.0,0,Other,,90.0,default_90d,1.25,0.0,0.0,0.0,-5855.0,,,No recent demand,Low,,0.0,0,0.0,20.0,,,ST/ QT,,,,,,,,Use blended defaults and review unusual items manually.,Lead time fallback used; Primary vendor missing; Demand history too light for standard reorder rule
D-13206,POP OG Green Tea 1.8gx100 (6ct/cs),3,LA,6449.0,6593.0,96.7,3.18,0.0,254.5,1,Asian Market,Asian Market:66.0; Health Food:19.8; American Market:8.0; Other:2.5; eCom:0.3,95.0,po_history_item_location,1.65,246.2,548.3,675.5,-5900.7,2027.7,2031-11-05,Healthy,Low,2031-05-17,0.0,0,0.0,6.0,6000.0,IM9WU1B,WHYD,8.36,,POP,Chinese Teabags/Gift Tea in bulk,D,ACTIVE,CIF,Bias upward because demand can spike opportunistically.,Suppressed demand uplift included
D-13206,POP OG Green Tea 1.8gx100 (6ct/cs),2,NJ,7026.0,9355.0,86.0,2.83,0.0,0.0,0,Health Food,American Market:34.3; Health Food:22.6; Asian Market:16.0; eCom:11.6; Other:1.4,122.0,po_history_item_location,1.2,368.0,713.0,860.1,-6313.0,2484.3,2033-02-04,Healthy,Low,2032-05-28,0.0,0,0.0,6.0,6000.0,IM9WU1B,WHYD,8.87,,POP,Chinese Teabags/Gift Tea in bulk,D,ACTIVE,CIF,Use smoother trailing history due to distributor lag.,
F-04118,POP Ginger Chews Pineapple Coconut 4 oz (12ct/cs),1,SF,7951.0,8399.0,98.0,3.23,0.0,0.0,2,Health Food,Health Food:75.2; Asian Market:11.0; eCom:4.6; American Market:3.8; Other:3.3,145.0,po_history_item_location,1.2,499.7,967.4,1151.2,-6983.6,2465.2,2033-01-16,Healthy,Low,2032-03-22,0.0,0,0.0,12.0,,IM9SI1A,SNA,6.8,,POP,Ginger Chews,F,ACTIVE,FOB,Use smoother trailing history due to distributor lag.,
D-03054,POP HT Cholesterol 1.8gx18,3,LA,7153.0,7285.0,0.0,0.0,0.0,0.0,0,Other,,72.0,po_history_item,1.25,0.0,0.0,0.0,-7153.0,,,No recent demand,Low,,0.0,0,0.0,12.0,,DM9SU9A,ST,0.87,,POP,PG ColdA/FluAid (Produtions),D,,,Use blended defaults and review unusual items manually.,Demand history too light for standard reorder rule
F-76010,Kjeldsens 1 lb Danish Cookie(#98838),1,SF,8388.0,8484.0,53.2,1.75,35.7,0.0,0,Asian Market,Asian Market:30.0; American Market:17.7; eCom:3.0; Other:1.7; Health Food:0.8,117.0,po_history_item_location,1.65,347.8,552.7,629.7,-7835.3,4791.6,2036-04-15,Healthy,Low,2036-04-15,0.0,0,,,,DM9FE1A,,51.89,,Ferrero,Ferrero/ Kinder/Nutella,F,ACTIVE,ToDoor/Delivery,Bias upward because demand can spike opportunistically.,
J-63004,Mazola Corn Oil 40 oz,3,LA,8028.0,8028.0,0.0,0.0,0.0,0.0,0,Other,,16.0,po_history_item_location,1.25,0.0,0.0,0.0,-8028.0,,,No recent demand,Low,,0.0,0,0.0,12.0,,DM9AC1B,ACH,43.92,,Mazola,Mazola,J,ACTIVE,ToDoor/Delivery,Use blended defaults and review unusual items manually.,Demand history too light for standard reorder rule
A-61243,AM GSG RT Tea 40 Bags,2,NJ,8457.0,8783.0,0.0,0.0,0.0,0.0,0,Other,,90.0,default_90d,1.25,0.0,0.0,0.0,-8457.0,,,No recent demand,Low,,0.0,0,0.0,20.0,,,ST/ QT,,,,,,,,Use blended defaults and review unusual items manually.,Lead time fallback used; Primary vendor missing; Demand history too light for standard reorder rule
F-00491,Loacker Wafer Hazelnut 250g(#10491),2,NJ,8910.0,9540.0,0.0,0.0,0.0,0.0,0,Other,,77.0,po_history_item_location,1.25,0.0,0.0,0.0,-8910.0,,,No recent demand,Low,,0.0,0,,,,DM2LO9A,,47.0,,Loacker,Loacker,F,ACTIVE,CIF,Use blended defaults and review unusual items manually.,Demand history too light for standard reorder rule
F-76010,Kjeldsens 1 lb Danish Cookie(#98838),3,LA,10476.0,10668.0,163.8,5.39,82.3,0.0,0,American Market,Asian Market:62.0; Health Food:50.6; American Market:47.0; Other:3.5; eCom:0.7,122.0,po_history_item_location,1.4,675.5,1333.0,1613.2,-9143.0,1944.0,2031-08-13,Healthy,Low,2030-12-09,0.0,0,,,,DM9FE1A,,51.89,,Ferrero,Ferrero/ Kinder/Nutella,F,ACTIVE,ToDoor/Delivery,Blend recent trend with seasonal planogram behavior.,
D-04011,POP In Ginger Honey Cytl 18gx30,3,LA,9788.0,12561.0,0.0,0.0,0.0,0.0,0,Other,,96.0,po_history_item_location,1.25,0.0,0.0,0.0,-9788.0,,,No recent demand,Low,,0.0,0,0.0,30.0,9000.0,IM9HA8A,HN,56.52,,POP,Ginger Honey Crystals,D,ACTIVE,CIF,Use blended defaults and review unusual items manually.,Demand history too light for standard reorder rule
F-04076,POP Ginger Chews Assorted 8 oz,3,LA,10592.0,14832.0,47.2,1.55,0.0,1241.0,5,Health Food,Asian Market:2.0; Health Food:1.5; eCom:0.5; Other:0.0,91.2,item_spec,1.2,229.2,370.8,442.1,-10221.2,6824.4,2036-04-15,Healthy,Low,2036-04-15,0.0,0,0.0,8.0,,IM9SI1A,SNA,8.83,,POP,Ginger Chews,F,ACTIVE,FOB,Use smoother trailing history due to distributor lag.,Suppressed demand uplift included
D-04032,POP In Ginger H Cytl w/Turmeric 10ct(6x6),2,NJ,10710.0,13050.0,0.0,0.0,0.0,0.0,0,Other,,92.0,po_history_item_location,1.25,0.0,0.0,0.0,-10710.0,,,No recent demand,Low,,0.0,0,0.0,36.0,3600.0,IM9HA8A,HN,28.41,,POP,Ginger Honey Crystals,D,ACTIVE,CIF,Use blended defaults and review unusual items manually.,Demand history too light for standard reorder rule
D-04032,POP In Ginger H Cytl w/Turmeric 10ct(6x6),3,LA,10895.0,11489.0,0.0,0.0,0.0,0.0,0,Other,,80.0,po_history_item_location,1.25,0.0,0.0,0.0,-10895.0,,,No recent demand,Low,,0.0,0,0.0,36.0,3600.0,IM9HA8A,HN,27.24,,POP,Ginger Honey Crystals,D,ACTIVE,CIF,Use blended defaults and review unusual items manually.,Demand history too light for standard reorder rule
F-04001,POP Ginger Chews Original 1 lb Bulk,2,NJ,14224.0,14665.0,341.0,11.22,0.0,2415.5,2,eCom,American Market:74.2; Health Food:9.9; eCom:2.6; Other:1.0,133.0,po_history_item_location,1.05,1385.8,2877.7,3337.6,-11346.3,1268.0,2029-10-07,Healthy,Low,2029-01-23,0.0,0,0.0,12.0,,IM9PT2A,PTA,18.17,,POP,Ginger Chews,F,ACTIVE,FOB,Use longer trailing history for long-tail demand.,Suppressed demand uplift included
D-04033,POP In Ginger H Cytl w/Turmeric 18gx25,2,NJ,12154.0,13841.0,0.0,0.0,0.0,0.0,0,Other,,127.0,po_history_item_location,1.25,0.0,0.0,0.0,-12154.0,,,No recent demand,Low,,0.0,0,0.0,30.0,9000.0,IM9HA8A,HN,53.4,,POP,Ginger Honey Crystals,D,ACTIVE,CIF,Use blended defaults and review unusual items manually.,Demand history too light for standard reorder rule
J-63006,Mazola Corn Oil 128 oz (1 gal),2,NJ,12641.0,12863.0,0.0,0.0,0.0,0.0,0,Other,,18.5,po_history_item_location,1.25,0.0,0.0,0.0,-12641.0,,,No recent demand,Low,,0.0,0,0.0,6.0,,DM9AC1B,ACH,64.82,,Mazola,Mazola,J,ACTIVE,ToDoor/Delivery,Use blended defaults and review unusual items manually.,Demand history too light for standard reorder rule
F-04131,POP Ginger Chews Plus+ Lemon 3 oz,2,NJ,15200.0,22256.0,52.0,1.71,0.0,1176.5,2,Asian Market,American Market:30.4; Asian Market:16.5; eCom:2.7; Other:1.4; Health Food:0.9,141.0,po_history_item_location,1.65,1902.7,2143.9,2227.7,-13056.1,8884.7,2036-04-15,Healthy,Low,2036-04-15,0.0,0,0.0,36.0,,IM9SI1A,SNA,16.33,,POP,Ginger Chews,F,ACTIVE,FOB,Bias upward because demand can spike opportunistically.,Suppressed demand uplift included
D-04043,POP In Ginger H Cytl w/Lemon 18gx30,2,NJ,13210.0,16962.0,0.0,0.0,0.0,0.0,0,Other,,113.0,po_history_item_location,1.25,0.0,0.0,0.0,-13210.0,,,No recent demand,Low,,0.0,0,0.0,30.0,9000.0,IM9HA8A,HN,49.86,,POP,Ginger Honey Crystals,D,ACTIVE,CIF,Use blended defaults and review unusual items manually.,Demand history too light for standard reorder rule
F-04071,POP Ginger Chews Lemon 8 oz,3,LA,13782.0,13998.0,9.9,0.33,0.0,69.5,2,Asian Market,Asian Market:5.5; American Market:3.5; Health Food:0.8; eCom:0.1; Other:0.0,94.0,po_history_item_location,1.65,535.9,566.7,579.7,-13215.3,42178.5,2036-04-15,Healthy,Low,2036-04-15,0.0,0,0.0,8.0,,IM9PT2A,PTA,8.09,,POP,Ginger Chews,F,ACTIVE,FOB,Bias upward because demand can spike opportunistically.,Suppressed demand uplift included
D-04032,POP In Ginger H Cytl w/Turmeric 10ct(6x6),1,SF,13621.0,15184.0,0.0,0.0,0.0,0.0,0,Other,,57.0,po_history_item_location,1.25,0.0,0.0,0.0,-13621.0,,,No recent demand,Low,,0.0,0,0.0,36.0,3600.0,IM9HA8A,HN,27.01,,POP,Ginger Honey Crystals,D,ACTIVE,CIF,Use blended defaults and review unusual items manually.,Demand history too light for standard reorder rule
F-00491,Loacker Wafer Hazelnut 250g(#10491),1,SF,14314.0,14980.0,0.0,0.0,0.0,0.0,0,Other,,92.0,po_history_item_location,1.25,0.0,0.0,0.0,-14314.0,,,No recent demand,Low,,0.0,0,,,,DM2LO9A,,47.0,,Loacker,Loacker,F,ACTIVE,CIF,Use blended defaults and review unusual items manually.,Demand history too light for standard reorder rule
F-04131,POP Ginger Chews Plus+ Lemon 3 oz,3,LA,14395.0,20191.0,0.2,0.01,0.0,0.0,0,American Market,Other:0.2,160.0,po_history_item_location,1.4,35.7,36.7,37.1,-14358.3,2188040.0,2036-04-15,Healthy,Low,2036-04-15,0.0,0,0.0,36.0,,IM9SI1A,SNA,16.65,,POP,Ginger Chews,F,ACTIVE,FOB,Blend recent trend with seasonal planogram behavior.,
F-04070,POP Ginger Chews Original 8 oz,3,LA,17918.0,18126.0,132.9,4.37,0.0,257.5,4,Asian Market,Health Food:91.9; Asian Market:37.0; American Market:3.8; eCom:0.1; Other:0.0,94.0,po_history_item_location,1.65,2743.4,3154.4,3329.2,-14763.6,4098.4,2036-04-15,Healthy,Low,2035-07-16,0.0,0,0.0,8.0,,IM9PT2A,PTA,7.83,,POP,Ginger Chews,F,ACTIVE,FOB,Bias upward because demand can spike opportunistically.,Suppressed demand uplift included
F-04118,POP Ginger Chews Pineapple Coconut 4 oz (12ct/cs),3,LA,16421.0,18449.0,79.2,2.6,0.0,0.0,0,American Market,Health Food:36.8; American Market:23.8; Asian Market:16.5; eCom:1.7; Other:0.4,99.0,po_history_item_location,1.4,258.0,515.8,640.8,-15905.2,6305.7,2036-04-15,Healthy,Low,2036-04-15,0.0,0,0.0,12.0,,IM9SI1A,SNA,6.41,,POP,Ginger Chews,F,ACTIVE,FOB,Blend recent trend with seasonal planogram behavior.,
D-04043,POP In Ginger H Cytl w/Lemon 18gx30,3,LA,16238.0,17590.0,0.0,0.0,0.0,0.0,0,Other,,96.0,po_history_item_location,1.25,0.0,0.0,0.0,-16238.0,,,No recent demand,Low,,0.0,0,0.0,30.0,9000.0,IM9HA8A,HN,56.52,,POP,Ginger Honey Crystals,D,ACTIVE,CIF,Use blended defaults and review unusual items manually.,Demand history too light for standard reorder rule
D-04037,POP Ginger H Cytl.Lemon 10ct(6x6),1,SF,16703.0,31093.0,0.0,0.0,0.0,0.0,0,Other,,31.0,po_history_item_location,1.25,0.0,0.0,0.0,-16703.0,,,No recent demand,Low,,0.0,0,0.0,36.0,3600.0,IM9HA8A,HN,31.64,,POP,Ginger Honey Crystals,D,ACTIVE,CIF,Use blended defaults and review unusual items manually.,Demand history too light for standard reorder rule
F-04074,POP Ginger Chews Lychee 8 oz,1,SF,24294.0,40924.0,652.4,21.46,0.0,1423.5,1,Asian Market,Asian Market:651.0; Other:1.1; eCom:0.3,153.0,po_history_item_location,1.65,2454.6,5738.3,6854.3,-18555.7,1132.0,2029-05-23,Healthy,Low,2028-08-29,0.0,0,0.0,8.0,,IM9SI1A,SNA,7.93,,POP,Ginger Chews,F,ACTIVE,FOB,Bias upward because demand can spike opportunistically.,Suppressed demand uplift included
F-04001,POP Ginger Chews Original 1 lb Bulk,3,LA,20767.0,22084.0,248.8,8.18,0.0,387.5,3,Health Food,American Market:165.5; Health Food:81.9; Asian Market:1.0; eCom:0.2; Other:0.1,129.5,po_history_item_location,1.2,367.1,1426.9,1868.8,-19340.1,2537.7,2033-03-29,Healthy,Low,2032-10-06,0.0,0,0.0,12.0,,IM9PT2A,PTA,18.14,,POP,Ginger Chews,F,ACTIVE,FOB,Use smoother trailing history due to distributor lag.,Suppressed demand uplift included
F-00491,Loacker Wafer Hazelnut 250g(#10491),3,LA,20370.0,21522.0,0.0,0.0,0.0,0.0,0,Other,,92.0,po_history_item_location,1.25,0.0,0.0,0.0,-20370.0,,,No recent demand,Low,,0.0,0,,,,DM2LO9A,,47.0,,Loacker,Loacker,F,ACTIVE,CIF,Use blended defaults and review unusual items manually.,Demand history too light for standard reorder rule
A-61150,AM GSG Candy 6 oz Bag,2,NJ,21593.0,27894.0,144.3,4.75,0.0,0.0,0,American Market,Asian Market:51.5; Health Food:47.5; American Market:39.2; eCom:5.7; Other:0.4,117.0,po_history_item_location,1.4,449.3,1004.8,1246.9,-20588.2,4548.0,2036-04-15,Healthy,Low,2036-04-15,0.0,0,0.0,30.0,,IM9GO3A,GL,28.47,,POP,Am GSG Candy,A,ACTIVE,EXW,Blend recent trend with seasonal planogram behavior.,
T-32300,Tiger Balm Patch - Large,3,LA,21175.0,23936.0,34.2,1.13,0.0,0.0,3,American Market,American Market:32.9; Other:0.6; Asian Market:0.5; Health Food:0.2,12.0,po_history_item_location,1.4,88.8,102.3,141.8,-21072.7,18794.7,2036-04-15,Healthy,Low,2036-04-15,0.0,0,0.0,36.0,24192.0,LC9T12A,HPH,17.05,,Tiger Balm,Tiger Balm,T,ACTIVE,CIF,Blend recent trend with seasonal planogram behavior.,
F-04114,POP Ginger Chews Mango 4 oz (12ct/cs),3,LA,25120.0,32884.0,402.7,13.25,0.0,0.0,0,American Market,American Market:273.7; Health Food:70.5; Asian Market:57.5; Other:0.9; eCom:0.1,154.0,po_history_item_location,1.4,1313.4,3353.4,4135.0,-21766.6,1896.2,2031-06-27,Healthy,Low,2030-10-17,0.0,0,0.0,12.0,,IM9SI1A,SNA,6.16,,POP,Ginger Chews,F,ACTIVE,FOB,Blend recent trend with seasonal planogram behavior.,
D-04061,POP Ginger Honey Cytl Original 10ct(6x6),3,LA,22044.0,29244.0,0.0,0.0,0.0,0.0,0,Other,,85.0,po_history_item_location,1.25,0.0,0.0,0.0,-22044.0,,,No recent demand,Low,,0.0,0,0.0,36.0,3600.0,IM9HA8A,HN,26.62,,POP,Ginger Honey Crystals,D,ACTIVE,CIF,Use blended defaults and review unusual items manually.,Demand history too light for standard reorder rule
F-04117,POP Ginger Chews Blood Orange 4 oz (12ct/cs),1,SF,24393.0,26629.0,178.7,5.88,0.0,0.0,0,Health Food,Health Food:135.8; Asian Market:28.5; American Market:6.6; Other:4.3; eCom:3.5,151.5,po_history_item_location,1.2,878.2,1769.0,2110.0,-22624.0,4148.9,2036-04-15,Healthy,Low,2036-04-15,0.0,0,0.0,12.0,,IM9SI1A,SNA,6.43,,POP,Ginger Chews,F,ACTIVE,FOB,Use smoother trailing history due to distributor lag.,
D-03054,POP HT Cholesterol 1.8gx18,1,SF,22847.0,23018.0,0.0,0.0,0.0,0.0,0,Other,,72.0,po_history_item_location,1.25,0.0,0.0,0.0,-22847.0,,,No recent demand,Low,,0.0,0,0.0,12.0,,DM9SU9A,ST,0.87,,POP,PG ColdA/FluAid (Produtions),D,,,Use blended defaults and review unusual items manually.,Demand history too light for standard reorder rule
A-61117,AM GSG Candy 1 lb / Bag,3,LA,23858.0,24577.0,21.6,0.71,0.0,0.0,0,American Market,Asian Market:11.0; American Market:7.3; eCom:2.7; Health Food:0.5,97.0,po_history_item_location,1.4,115.5,184.3,217.7,-23673.7,33603.9,2036-04-15,Healthy,Low,2036-04-15,0.0,0,0.0,22.0,,IM9GO3A,GL,45.82,,POP,Am GSG Candy,A,ACTIVE,EXW,Blend recent trend with seasonal planogram behavior.,
D-04037,POP Ginger H Cytl.Lemon 10ct(6x6),2,NJ,24769.0,33799.0,0.0,0.0,0.0,0.0,0,Other,,114.0,po_history_item_location,1.25,0.0,0.0,0.0,-24769.0,,,No recent demand,Low,,0.0,0,0.0,36.0,3600.0,IM9HA8A,HN,32.06,,POP,Ginger Honey Crystals,D,ACTIVE,CIF,Use blended defaults and review unusual items manually.,Demand history too light for standard reorder rule
D-04011,POP In Ginger Honey Cytl 18gx30,2,NJ,25853.0,35877.0,0.0,0.0,0.0,0.0,0,Other,,116.5,po_history_item_location,1.25,0.0,0.0,0.0,-25853.0,,,No recent demand,Low,,0.0,0,0.0,30.0,9000.0,IM9HA8A,HN,46.09,,POP,Ginger Honey Crystals,D,ACTIVE,CIF,Use blended defaults and review unusual items manually.,Demand history too light for standard reorder rule
F-04075,POP Ginger Chews Blood Orange 8 oz,1,SF,34586.0,47181.0,1138.8,37.46,0.0,1179.0,1,Asian Market,Asian Market:1136.5; eCom:1.3; Other:1.1,170.0,po_history_item_location,1.65,2316.3,8684.7,10745.0,-25901.3,923.3,2028-10-27,Healthy,Low,2028-03-09,0.0,0,0.0,8.0,,IM9SI1A,SNA,7.9,,POP,Ginger Chews,F,ACTIVE,FOB,Bias upward because demand can spike opportunistically.,Suppressed demand uplift included
F-04130,POP Ginger Chews Plus+ Original 3 oz,2,NJ,29824.0,62656.0,216.2,7.11,0.0,0.0,0,American Market,American Market:196.3; Asian Market:17.5; Other:2.0; eCom:0.3; Health Food:0.1,155.0,po_history_item_location,1.4,2319.9,3422.5,3842.1,-26401.5,4192.8,2036-04-15,Healthy,Low,2036-04-15,0.0,0,0.0,36.0,,IM9SI1A,SNA,15.71,,POP,Ginger Chews,F,ACTIVE,FOB,Blend recent trend with seasonal planogram behavior.,
F-04112,POP Ginger Chews Lemon 4 oz (12ct/cs),3,LA,32886.0,45798.0,771.5,25.38,0.0,0.0,0,American Market,American Market:394.8; Asian Market:206.5; Health Food:167.6; Other:1.9; eCom:0.6,148.0,po_history_item_location,1.4,1897.1,5652.9,7124.8,-27233.1,1295.9,2029-11-03,Healthy,Low,2029-03-26,0.0,0,0.0,12.0,,IM9SI1A,SNA,6.14,,POP,Ginger Chews,F,ACTIVE,FOB,Blend recent trend with seasonal planogram behavior.,
T-31541,"Tiger Balm 50g, Ultra/St",3,LA,29109.0,30325.0,186.4,6.13,0.0,0.0,0,Asian Market,Asian Market:144.5; American Market:31.8; Other:9.1; eCom:0.8; Health Food:0.2,16.0,po_history_item_location,1.65,391.6,489.7,661.4,-28619.3,4746.1,2036-04-15,Healthy,Low,2036-04-15,0.0,0,0.0,32.0,19992.0,LC9T12A,HPH,52.89,,Tiger Balm,Tiger Balm,T,ACTIVE,CIF,Bias upward because demand can spike opportunistically.,
F-04130,POP Ginger Chews Plus+ Original 3 oz,3,LA,30960.0,47664.0,100.0,3.29,0.0,0.0,0,American Market,American Market:99.0; Health Food:0.8; Other:0.2,160.0,po_history_item_location,1.4,553.7,1080.0,1277.4,-29880.0,9411.8,2036-04-15,Healthy,Low,2036-04-15,0.0,0,0.0,36.0,,IM9SI1A,SNA,16.02,,POP,Ginger Chews,F,ACTIVE,FOB,Blend recent trend with seasonal planogram behavior.,
F-04075,POP Ginger Chews Blood Orange 8 oz,2,NJ,48180.0,56045.0,2109.8,69.4,0.0,0.0,0,Asian Market,Asian Market:2104.5; American Market:4.2; eCom:1.0; Other:0.0,142.0,po_history_item_location,1.65,8212.3,18067.0,21467.6,-30113.0,694.2,2028-03-12,Healthy,Low,2027-06-25,0.0,0,0.0,8.0,,IM9SI1A,SNA,7.56,,POP,Ginger Chews,F,ACTIVE,FOB,Bias upward because demand can spike opportunistically.,
F-04073,POP Ginger Chews Mango 8 oz,2,NJ,57987.0,64243.0,2899.6,95.38,0.0,0.0,0,Asian Market,Asian Market:2882.5; American Market:11.9; Health Food:4.5; eCom:0.5; Other:0.2,152.0,po_history_item_location,1.65,9711.2,24209.0,29073.4,-33778.0,608.0,2027-12-16,Healthy,Low,2027-04-07,0.0,0,0.0,8.0,,IM9SI1A,SNA,8.2,,POP,Ginger Chews,F,ACTIVE,FOB,Bias upward because demand can spike opportunistically.,
F-04117,POP Ginger Chews Blood Orange 4 oz (12ct/cs),3,LA,36048.0,40404.0,167.8,5.52,0.0,0.0,0,Asian Market,American Market:66.1; Health Food:55.1; Asian Market:44.5; Other:1.3; eCom:0.7,152.0,po_history_item_location,1.65,748.3,1587.2,1868.7,-34460.8,6531.1,2036-04-15,Healthy,Low,2036-04-15,0.0,0,0.0,12.0,,IM9SI1A,SNA,6.09,,POP,Ginger Chews,F,ACTIVE,FOB,Bias upward because demand can spike opportunistically.,
D-04061,POP Ginger Honey Cytl Original 10ct(6x6),1,SF,34934.0,44626.0,0.0,0.0,0.0,0.0,0,Other,,72.5,po_history_item_location,1.25,0.0,0.0,0.0,-34934.0,,,No recent demand,Low,,0.0,0,0.0,36.0,3600.0,IM9HA8A,HN,26.72,,POP,Ginger Honey Crystals,D,ACTIVE,CIF,Use blended defaults and review unusual items manually.,Demand history too light for standard reorder rule
D-04061,POP Ginger Honey Cytl Original 10ct(6x6),2,NJ,35897.0,52079.0,0.0,0.0,0.0,0.0,0,Other,,107.0,po_history_item_location,1.25,0.0,0.0,0.0,-35897.0,,,No recent demand,Low,,0.0,0,0.0,36.0,3600.0,IM9HA8A,HN,28.56,,POP,Ginger Honey Crystals,D,ACTIVE,CIF,Use blended defaults and review unusual items manually.,Demand history too light for standard reorder rule
T-47010,Kwan Loong Oil 2 fl oz,1,SF,40794.0,43446.0,38.9,1.28,0.0,192.0,1,Asian Market,Asian Market:20.0; American Market:10.8; Health Food:7.8; eCom:0.2; Other:0.1,43.0,po_history_item_location,1.65,87.2,142.2,180.6,-40651.8,31880.1,2036-04-15,Healthy,Low,2036-04-15,0.0,0,,,,LC9T12A,,30.48,,Tiger Balm,Tiger Balm,T,ACTIVE,CIF,Bias upward because demand can spike opportunistically.,Suppressed demand uplift included
F-04071,POP Ginger Chews Lemon 8 oz,2,NJ,64730.0,71618.0,2553.5,84.0,0.0,0.0,0,Asian Market,Asian Market:2525.0; American Market:18.9; Health Food:9.0; Other:0.4; eCom:0.3,141.0,po_history_item_location,1.65,11618.4,23462.0,27577.9,-41268.0,770.6,2028-05-27,Healthy,Low,2027-08-22,0.0,0,0.0,8.0,,IM9PT2A,PTA,8.17,,POP,Ginger Chews,F,ACTIVE,FOB,Bias upward because demand can spike opportunistically.,
T-31541,"Tiger Balm 50g, Ultra/St",1,SF,41701.0,50374.0,63.8,2.1,0.0,0.0,0,American Market,American Market:41.3; Health Food:13.5; Asian Market:7.5; Other:1.3; eCom:0.2,28.0,po_history_item_location,1.4,129.3,188.1,261.5,-41512.9,19870.1,2036-04-15,Healthy,Low,2036-04-15,0.0,0,0.0,32.0,19992.0,LC9T12A,HPH,52.84,,Tiger Balm,Tiger Balm,T,ACTIVE,CIF,Blend recent trend with seasonal planogram behavior.,
T-47010,Kwan Loong Oil 2 fl oz,2,NJ,42877.0,43357.0,65.3,2.15,0.0,0.0,0,Asian Market,Asian Market:38.5; Health Food:12.8; American Market:9.8; Other:4.3,43.0,po_history_item_location,1.65,188.8,281.2,345.7,-42595.8,19945.8,2036-04-15,Healthy,Low,2036-04-15,0.0,0,,,,LC9T12A,,30.65,,Tiger Balm,Tiger Balm,T,ACTIVE,CIF,Bias upward because demand can spike opportunistically.,
F-04076,POP Ginger Chews Assorted 8 oz,1,SF,50657.0,97462.0,14.4,0.47,0.0,1849.5,4,Asian Market,Asian Market:9.0; eCom:3.4; Other:1.3; American Market:0.7,141.5,po_history_item_location,1.65,2711.1,2778.1,2801.3,-47878.9,106942.6,2036-04-15,Healthy,Low,2036-04-15,0.0,0,0.0,8.0,,IM9SI1A,SNA,8.83,,POP,Ginger Chews,F,ACTIVE,FOB,Bias upward because demand can spike opportunistically.,Suppressed demand uplift included
F-04112,POP Ginger Chews Lemon 4 oz (12ct/cs),1,SF,54246.0,62442.0,371.3,12.21,0.0,0.0,0,American Market,Health Food:198.1; Asian Market:115.5; American Market:45.8; Other:8.7; eCom:3.1,144.0,po_history_item_location,1.4,1745.6,3504.4,4200.6,-50741.6,4441.3,2036-04-15,Healthy,Low,2036-04-15,0.0,0,0.0,12.0,,IM9SI1A,SNA,6.34,,POP,Ginger Chews,F,ACTIVE,FOB,Blend recent trend with seasonal planogram behavior.,
F-04070,POP Ginger Chews Original 8 oz,2,NJ,86316.0,99644.0,4305.7,141.63,0.0,0.0,0,Asian Market,Asian Market:4271.5; American Market:20.6; Health Food:12.1; Other:1.1; eCom:0.3,141.0,po_history_item_location,1.65,14868.1,34838.6,41778.7,-51477.4,609.4,2027-12-18,Healthy,Low,2027-04-16,0.0,0,0.0,8.0,,IM9PT2A,PTA,8.57,,POP,Ginger Chews,F,ACTIVE,FOB,Bias upward because demand can spike opportunistically.,
F-04114,POP Ginger Chews Mango 4 oz (12ct/cs),1,SF,55014.0,58643.0,214.0,7.04,0.0,0.0,0,Health Food,Health Food:169.6; Asian Market:20.0; American Market:16.8; Other:4.3; eCom:3.2,154.0,po_history_item_location,1.2,1273.3,2357.3,2772.6,-52656.7,7816.0,2036-04-15,Healthy,Low,2036-04-15,0.0,0,0.0,12.0,,IM9SI1A,SNA,6.4,,POP,Ginger Chews,F,ACTIVE,FOB,Use smoother trailing history due to distributor lag.,
F-04071,POP Ginger Chews Lemon 8 oz,1,SF,72353.0,95276.0,2369.1,77.93,0.0,3644.0,1,Asian Market,Asian Market:2367.0; eCom:1.1; Other:1.0,137.0,po_history_item_location,1.65,7701.3,18377.7,22118.3,-53975.3,928.4,2028-11-01,Healthy,Low,2028-03-10,0.0,0,0.0,8.0,,IM9PT2A,PTA,7.92,,POP,Ginger Chews,F,ACTIVE,FOB,Bias upward because demand can spike opportunistically.,Suppressed demand uplift included
A-61150,AM GSG Candy 6 oz Bag,3,LA,57545.0,59435.0,177.1,5.82,0.0,0.0,0,Health Food,Health Food:139.0; Asian Market:24.0; American Market:12.6; eCom:1.4; Other:0.0,77.0,po_history_item_location,1.2,415.9,864.4,1114.8,-56680.6,9880.6,2036-04-15,Healthy,Low,2036-04-15,0.0,0,0.0,30.0,,IM9GO3A,GL,22.73,,POP,Am GSG Candy,A,ACTIVE,EXW,Use smoother trailing history due to distributor lag.,
A-61150,AM GSG Candy 6 oz Bag,1,SF,57994.0,61244.0,129.5,4.26,0.0,0.0,0,American Market,Health Food:72.1; American Market:33.2; Other:14.3; eCom:5.7; Asian Market:4.0,98.0,po_history_item_location,1.4,579.1,996.5,1200.9,-56997.5,13618.4,2036-04-15,Healthy,Low,2036-04-15,0.0,0,0.0,30.0,,IM9GO3A,GL,33.43,,POP,Am GSG Candy,A,ACTIVE,EXW,Blend recent trend with seasonal planogram behavior.,
T-31510R,"Tiger Balm 18g, Ultra/St - RFID",1,SF,64788.0,67812.0,33.2,1.09,0.0,0.0,0,American Market,American Market:33.2,28.0,po_history_item_location,1.4,64.9,95.6,133.9,-64692.4,59234.7,2036-04-15,Healthy,Low,2036-04-15,0.0,0,,,,LC9T12A,,30.72,,Tiger Balm,Tiger Balm,T,ACTIVE,CIF,Blend recent trend with seasonal planogram behavior.,
T-32300,Tiger Balm Patch - Large,1,SF,70258.0,70702.0,22.2,0.73,0.0,61.0,1,American Market,Health Food:7.0; American Market:4.5; Other:0.5,22.0,po_history_item_location,1.4,48.4,64.4,90.0,-70193.6,96137.0,2036-04-15,Healthy,Low,2036-04-15,0.0,0,0.0,36.0,24192.0,LC9T12A,HPH,30.89,,Tiger Balm,Tiger Balm,T,ACTIVE,CIF,Blend recent trend with seasonal planogram behavior.,Suppressed demand uplift included
F-04070,POP Ginger Chews Original 8 oz,1,SF,98959.0,145814.0,4257.4,140.04,0.0,4099.5,1,Asian Market,Asian Market:4253.5; American Market:2.1; Other:1.1; eCom:0.7,135.0,po_history_item_location,1.65,9067.0,27973.1,34695.2,-70985.9,706.6,2028-03-24,Healthy,Low,2027-09-06,0.0,0,0.0,8.0,,IM9PT2A,PTA,7.25,,POP,Ginger Chews,F,ACTIVE,FOB,Bias upward because demand can spike opportunistically.,Suppressed demand uplift included
F-04118,POP Ginger Chews Pineapple Coconut 4 oz (12ct/cs),2,NJ,82440.0,91672.0,1233.6,40.58,0.0,0.0,0,Health Food,Asian Market:645.5; Health Food:440.0; American Market:138.9; Other:6.8; eCom:2.3,171.0,po_history_item_location,1.2,3392.2,10331.0,12846.8,-72109.0,2031.7,2031-11-09,Healthy,Low,2031-02-28,0.0,0,0.0,12.0,,IM9SI1A,SNA,6.75,,POP,Ginger Chews,F,ACTIVE,FOB,Use smoother trailing history due to distributor lag.,
F-04130,POP Ginger Chews Plus+ Original 3 oz,1,SF,79511.0,88265.0,9.7,0.32,0.0,0.0,0,Asian Market,Other:7.6; Health Food:1.1; American Market:0.7; eCom:0.2,133.5,po_history_item_location,1.65,368.9,411.4,426.7,-79099.6,249833.0,2036-04-15,Healthy,Low,2036-04-15,0.0,0,0.0,36.0,,IM9SI1A,SNA,15.62,,POP,Ginger Chews,F,ACTIVE,FOB,Bias upward because demand can spike opportunistically.,
F-04114,POP Ginger Chews Mango 4 oz (12ct/cs),2,NJ,99872.0,138202.0,2384.7,78.44,0.0,0.0,0,Health Food,Health Food:1027.6; Asian Market:973.5; American Market:369.6; Other:12.5; eCom:1.5,172.0,po_history_item_location,1.2,6984.9,20477.3,25340.8,-79394.7,1273.2,2029-10-12,Healthy,Low,2029-01-24,0.0,0,0.0,12.0,,IM9SI1A,SNA,6.55,,POP,Ginger Chews,F,ACTIVE,FOB,Use smoother trailing history due to distributor lag.,
T-22010,"Tiger Balm 18g Red, Ext/St(MM)",3,LA,86295.0,93939.0,156.9,5.16,0.0,0.0,0,American Market,American Market:137.5; Asian Market:9.5; Health Food:7.4; eCom:2.0; Other:0.5,15.0,po_history_item_location,1.4,156.4,233.8,414.5,-86061.2,16717.3,2036-04-15,Healthy,Low,2036-04-15,0.0,0,0.0,72.0,27768.0,LC9T12A,HPH,25.94,,Tiger Balm,Tiger Balm,T,ACTIVE,CIF,Blend recent trend with seasonal planogram behavior.,
T-31510R,"Tiger Balm 18g, Ultra/St - RFID",2,NJ,109997.0,118565.0,81.9,2.69,0.0,343.5,1,American Market,American Market:81.9,42.5,po_history_item_location,1.4,184.3,298.8,395.8,-109698.2,40829.2,2036-04-15,Healthy,Low,2036-04-15,0.0,0,,,,LC9T12A,,30.64,,Tiger Balm,Tiger Balm,T,ACTIVE,CIF,Blend recent trend with seasonal planogram behavior.,Suppressed demand uplift included
F-04073,POP Ginger Chews Mango 8 oz,1,SF,132706.0,150139.0,3058.8,100.62,0.0,0.0,0,Asian Market,Asian Market:3056.5; eCom:1.3; Other:1.1,148.5,po_history_item_location,1.65,6865.9,21807.9,26939.4,-110898.1,1318.9,2029-11-26,Healthy,Low,2029-04-24,0.0,0,0.0,8.0,,IM9SI1A,SNA,7.93,,POP,Ginger Chews,F,ACTIVE,FOB,Bias upward because demand can spike opportunistically.,
F-04112,POP Ginger Chews Lemon 4 oz (12ct/cs),2,NJ,134488.0,185049.0,2625.1,86.35,0.0,0.0,0,Health Food,Asian Market:1144.0; Health Food:978.4; American Market:471.4; Other:30.2; eCom:1.1,152.0,po_history_item_location,1.2,8586.9,21712.6,26721.1,-112775.4,1557.4,2030-07-23,Healthy,Low,2029-11-13,0.0,0,0.0,12.0,,IM9SI1A,SNA,6.54,,POP,Ginger Chews,F,ACTIVE,FOB,Use smoother trailing history due to distributor lag.,
T-31510,"Tiger Balm 18g, Ultra/St",3,LA,125744.0,135176.0,169.1,5.56,0.0,0.0,0,American Market,American Market:166.6; Other:1.1; Asian Market:1.0; Health Food:0.4; eCom:0.1,15.0,po_history_item_location,1.4,158.3,241.7,436.4,-125502.3,22600.1,2036-04-15,Healthy,Low,2036-04-15,0.0,0,0.0,72.0,27768.0,LC9T12A,HPH,30.79,,Tiger Balm,Tiger Balm,T,ACTIVE,CIF,Blend recent trend with seasonal planogram behavior.,
T-32300,Tiger Balm Patch - Large,2,NJ,128431.0,138771.0,109.1,3.59,0.0,0.0,0,American Market,American Market:84.7; Asian Market:23.0; Other:0.8; Health Food:0.6,42.0,po_history_item_location,1.4,322.5,473.2,602.4,-127957.8,35794.7,2036-04-15,Healthy,Low,2036-04-15,0.0,0,0.0,36.0,24192.0,LC9T12A,HPH,30.89,,Tiger Balm,Tiger Balm,T,ACTIVE,CIF,Blend recent trend with seasonal planogram behavior.,
T-32206,Tiger Balm Patch Warm (MM),3,LA,136719.0,144207.0,328.7,10.81,0.0,0.0,0,American Market,American Market:318.5; Other:3.9; Asian Market:3.5; Health Food:2.8,19.0,po_history_item_location,1.4,337.5,542.9,921.3,-136176.1,12644.5,2036-04-15,Healthy,Low,2036-04-15,0.0,0,0.0,36.0,,LC9T12A,HPH,1.93,,Tiger Balm,Tiger Balm,T,ACTIVE,CIF,Blend recent trend with seasonal planogram behavior.,
T-31541,"Tiger Balm 50g, Ultra/St",2,NJ,138926.0,161191.0,130.9,4.31,0.0,0.0,0,American Market,American Market:86.1; Health Food:25.1; Asian Market:12.0; eCom:4.5; Other:3.1,42.0,po_history_item_location,1.4,650.7,831.6,986.6,-138094.4,32261.9,2036-04-15,Healthy,Low,2036-04-15,0.0,0,0.0,32.0,19992.0,LC9T12A,HPH,52.95,,Tiger Balm,Tiger Balm,T,ACTIVE,CIF,Blend recent trend with seasonal planogram behavior.,
F-04111,POP Ginger Chews Original 4 oz (12ct/cs),1,SF,164895.0,177924.0,754.0,24.8,0.0,0.0,0,American Market,Health Food:335.5; Asian Market:248.0; American Market:120.7; Other:43.8; eCom:6.0,138.0,po_history_item_location,1.4,3654.1,7076.9,8465.8,-157818.1,6648.3,2036-04-15,Healthy,Low,2036-04-15,0.0,0,0.0,12.0,,IM9PT2A,PTA,5.27,,POP,Ginger Chews,F,ACTIVE,FOB,Blend recent trend with seasonal planogram behavior.,
T-22010,"Tiger Balm 18g Red, Ext/St(MM)",1,SF,160190.0,177294.0,256.0,8.42,0.0,0.0,0,Asian Market,Asian Market:157.0; American Market:71.8; Other:17.0; Health Food:10.0; eCom:0.3,27.0,po_history_item_location,1.65,436.3,663.6,899.4,-159526.4,19021.3,2036-04-15,Healthy,Low,2036-04-15,0.0,0,0.0,72.0,27768.0,LC9T12A,HPH,25.98,,Tiger Balm,Tiger Balm,T,ACTIVE,CIF,Bias upward because demand can spike opportunistically.,
F-04076,POP Ginger Chews Assorted 8 oz,2,NJ,212329.0,225170.0,1015.4,33.4,0.0,2894.5,1,Asian Market,Asian Market:975.0; American Market:23.1; Health Food:15.4; eCom:1.1; Other:0.9,152.0,po_history_item_location,1.65,10803.3,15880.5,17584.1,-196448.5,6356.6,2036-04-15,Healthy,Low,2036-04-15,0.0,0,0.0,8.0,,IM9SI1A,SNA,8.97,,POP,Ginger Chews,F,ACTIVE,FOB,Bias upward because demand can spike opportunistically.,Suppressed demand uplift included
T-47010,Kwan Loong Oil 2 fl oz,3,LA,198762.0,202434.0,275.5,9.06,0.0,0.0,0,Asian Market,Asian Market:257.5; eCom:12.0; Health Food:2.8; American Market:1.8; Other:1.5,31.0,po_history_item_location,1.65,412.1,693.0,946.8,-198069.0,21932.4,2036-04-15,Healthy,Low,2036-04-15,0.0,0,,,,LC9T12A,,30.1,,Tiger Balm,Tiger Balm,T,ACTIVE,CIF,Bias upward because demand can spike opportunistically.,
F-04111,POP Ginger Chews Original 4 oz (12ct/cs),3,LA,221764.0,254608.0,1184.7,38.97,0.0,3081.5,1,Asian Market,Asian Market:693.5; Health Food:259.1; American Market:228.2; Other:2.5; eCom:1.4,120.0,po_history_item_location,1.65,4448.6,9125.2,10878.9,-212638.8,5690.5,2036-04-15,Healthy,Low,2036-04-15,0.0,0,0.0,12.0,,IM9PT2A,PTA,5.21,,POP,Ginger Chews,F,ACTIVE,FOB,Bias upward because demand can spike opportunistically.,Suppressed demand uplift included
T-32206,Tiger Balm Patch Warm (MM),1,SF,252287.0,264417.0,192.3,6.33,0.0,0.0,0,American Market,American Market:162.0; Health Food:24.8; Other:4.0; Asian Market:1.5,20.0,po_history_item_location,1.4,303.9,430.4,651.8,-251856.6,39883.1,2036-04-15,Healthy,Low,2036-04-15,0.0,0,0.0,36.0,,LC9T12A,HPH,1.92,,Tiger Balm,Tiger Balm,T,ACTIVE,CIF,Blend recent trend with seasonal planogram behavior.,
F-04111,POP Ginger Chews Original 4 oz (12ct/cs),2,NJ,326488.0,404958.0,4962.9,163.25,0.0,0.0,0,Health Food,Asian Market:2179.0; Health Food:1785.0; American Market:913.8; Other:75.0; eCom:10.1,146.0,po_history_item_location,1.2,14378.4,38213.2,47518.6,-288274.8,1999.9,2031-10-08,Healthy,Low,2031-02-16,0.0,0,0.0,12.0,,IM9PT2A,PTA,5.58,,POP,Ginger Chews,F,ACTIVE,FOB,Use smoother trailing history due to distributor lag.,
T-32206,Tiger Balm Patch Warm (MM),2,NJ,317891.0,364715.0,977.4,32.15,0.0,0.0,0,American Market,American Market:837.9; Asian Market:80.0; Health Food:47.0; Other:12.6,36.0,po_history_item_location,1.4,2022.6,3180.1,4305.4,-314710.9,9886.8,2036-04-15,Healthy,Low,2036-04-15,0.0,0,0.0,36.0,,LC9T12A,HPH,1.92,,Tiger Balm,Tiger Balm,T,ACTIVE,CIF,Blend recent trend with seasonal planogram behavior.,
T-31510,"Tiger Balm 18g, Ultra/St",1,SF,318941.0,345054.0,137.9,4.54,0.0,0.0,0,American Market,American Market:133.7; Other:1.9; Asian Market:1.0; Health Food:0.8; eCom:0.6,26.5,po_history_item_location,1.4,166.1,286.3,445.1,-318654.7,70310.4,2036-04-15,Healthy,Low,2036-04-15,0.0,0,0.0,72.0,27768.0,LC9T12A,HPH,30.72,,Tiger Balm,Tiger Balm,T,ACTIVE,CIF,Blend recent trend with seasonal planogram behavior.,
T-22010,"Tiger Balm 18g Red, Ext/St(MM)",2,NJ,451477.0,486889.0,494.4,16.26,0.0,0.0,0,American Market,American Market:393.8; Asian Market:82.5; Health Food:16.2; Other:1.9,42.0,po_history_item_location,1.4,716.6,1399.7,1985.3,-450077.3,27757.9,2036-04-15,Healthy,Low,2036-04-15,0.0,0,0.0,72.0,27768.0,LC9T12A,HPH,25.98,,Tiger Balm,Tiger Balm,T,ACTIVE,CIF,Blend recent trend with seasonal planogram behavior.,
T-32202,Tiger Balm Single Patch 12ct/disp,3,LA,499680.0,502272.0,2287.7,75.25,0.0,0.0,2,American Market,American Market:2280.6; Other:6.8; Health Food:0.4,32.0,po_history_item_location,1.4,17633.7,20041.8,22675.7,-479638.2,6639.9,2036-04-15,Healthy,Low,2036-04-15,0.0,0,0.0,144.0,,LC9T12A,HPH,6.12,,Tiger Balm,Tiger Balm,T,ACTIVE,CIF,Blend recent trend with seasonal planogram behavior.,
T-31510,"Tiger Balm 18g, Ultra/St",2,NJ,640977.0,698001.0,462.2,15.2,0.0,0.0,0,American Market,American Market:452.2; Other:5.0; Health Food:3.5; Asian Market:1.5,43.0,po_history_item_location,1.4,734.4,1388.2,1950.7,-639588.8,42158.6,2036-04-15,Healthy,Low,2036-04-15,0.0,0,0.0,72.0,27768.0,LC9T12A,HPH,30.71,,Tiger Balm,Tiger Balm,T,ACTIVE,CIF,Blend recent trend with seasonal planogram behavior.,
T-32202,Tiger Balm Single Patch 12ct/disp,2,NJ,1869144.0,1979160.0,22807.4,750.24,0.0,0.0,0,American Market,American Market:22806.0; Other:0.9; Health Food:0.5,35.0,po_history_item_location,1.4,60197.6,86456.2,112714.7,-1782687.8,2491.4,2033-02-11,Healthy,Low,2032-10-19,0.0,0,0.0,144.0,,LC9T12A,HPH,6.12,,Tiger Balm,Tiger Balm,T,ACTIVE,CIF,Blend recent trend with seasonal planogram behavior.,
