ITEMNMBR,ITEMDESC,raw_units,organic_units,suppressed_units_est,cleaned_units,raw_revenue,organic_revenue,cleaned_revenue_est,stockout_months,active_locations,promo_units,promo_revenue,promo_pct_units,suppressed_pct_vs_cleaned,cleaned_lift_vs_organic_pct
T-32202,Tiger Balm Single Patch 12ct/disp,3223370.0,2120984.0,664380.0,2785364.0,2434738.03,1634034.67,4264609.86,24,3,1102386.0,800703.3599999999,34.2,23.9,31.3
F-04211,POP Ginger Chews Original 2 oz,3517508.0,2079034.0,392602.5,2471636.5,2352957.48,1417952.55,1805706.53,17,3,1438474.0,935004.9299999999,40.9,15.9,18.9
AC-B9SL,POP AM GSG Root Slices 9 oz,705381.0,409511.0,163674.5,573185.5,43544034.86,25393111.15,33090691.98,18,2,295870.0,18150923.71,41.9,28.6,40.0
T-31520,Tiger Balm Ultra 10g,1178111.0,771702.0,96048.0,867750.0,7753529.51,6830584.95,14980848.45,15,3,406409.0,922944.5599999996,34.5,11.1,12.4
AC-B9SLE,POP AM GSG Root Slices 9 oz,96673.0,79489.0,48873.5,128362.5,5849722.94,4798044.4,7811268.26,11,1,17184.0,1051678.54,17.8,38.1,61.5
F-04070,POP Ginger Chews Original 8 oz,508574.0,508116.0,31813.5,539929.5,3897867.21,3888984.49,4223828.06,16,5,458.0,8882.71999999974,0.1,5.9,6.3
T-31510,"Tiger Balm 18g, Ultra/St",779826.0,410596.0,28316.0,438912.0,36618774.11,27763809.56,31725193.22,3,3,369230.0,8854964.55,47.3,6.5,6.9
F-04071,POP Ginger Chews Lemon 8 oz,353620.0,353416.0,27593.5,381009.5,2553992.61,2550171.63,2781275.3,15,5,204.0,3820.9799999999814,0.1,7.2,7.8
F-04114,POP Ginger Chews Mango 4 oz (12ct/cs),365026.0,314990.0,25375.5,340365.5,2890660.63,2504064.44,2870788.66,15,4,50036.0,386596.18999999994,13.7,7.5,8.1
F-04221,POP Ginger Chews Lemon 2 oz(24ct/cs),63262.0,63262.0,21964.5,85226.5,1062718.56,1062718.56,1431698.98,8,2,0.0,0.0,0.0,25.8,34.7
F-04076,POP Ginger Chews Assorted 8 oz,101091.0,100135.0,20505.0,120640.0,1289238.1199999999,1270093.67,1563703.35,21,4,956.0,19144.449999999953,0.9,17.0,20.5
F-04117,POP Ginger Chews Blood Orange 4 oz (12ct/cs),255757.0,218870.0,19991.0,238861.0,1790967.47,1542655.27,1756564.51,11,4,36887.0,248312.19999999995,14.4,8.4,9.1
F-04073,POP Ginger Chews Mango 8 oz,335101.0,334964.0,18887.0,353851.0,2341231.52,2338466.66,2478103.9699999997,13,5,137.0,2764.8599999998696,0.0,5.3,5.6
F-04220,POP Ginger Chews Original 2 oz(24ct/cs),61178.0,61178.0,17413.0,78591.0,1027748.71,1027748.71,1320300.13,7,2,0.0,0.0,0.0,22.2,28.5
AC-B4BK,AM GSG Root (Mixed) 4 oz Bag,196699.0,196699.0,14273.0,210972.0,2170215.63,2170215.63,2334158.76,11,5,0.0,0.0,0.0,6.8,7.3
AC-B8BK,AM GSG Root (Mixed) 8 oz Bag,114655.0,114580.0,12410.0,126990.0,2644523.7600000002,2643029.78,2945343.04,17,4,75.0,1493.980000000447,0.1,9.8,10.8
F-04075,POP Ginger Chews Blood Orange 8 oz,179486.0,179464.0,11097.0,190561.0,933781.39,933398.68,1004286.88,20,5,22.0,382.70999999996275,0.0,5.8,6.2
F-04074,POP Ginger Chews Lychee 8 oz,244157.0,244098.0,10000.0,254098.0,1244641.95,1243567.11,1337251.79,9,5,59.0,1074.839999999851,0.0,3.9,4.1
T-32206,Tiger Balm Patch Warm (MM),448083.0,280223.0,9818.0,290041.0,22985078.59,16595847.52,17697425.9,2,3,167860.0,6389231.07,37.5,3.4,3.5
D-15400,POP Organic Oolong Tea 1.8gx200,3381.0,3381.0,8868.0,12249.0,339120.0,339120.0,1226164.0,18,1,0.0,0.0,0.0,72.4,262.3
AC-B16BK,AM GSG Root (Mixed) 1 lb Bag,103265.0,103265.0,7631.5,110896.5,3917067.03,3917067.03,4234935.65,17,4,0.0,0.0,0.0,6.9,7.4
F-04001,POP Ginger Chews Original 1 lb Bulk,53447.0,52874.0,7508.5,60382.5,2241400.5,2214343.15,2554210.57,16,4,573.0,27057.350000000093,1.1,12.4,14.2
F-04111,POP Ginger Chews Original 4 oz (12ct/cs),978798.0,846885.0,7438.5,854323.5,9167254.15,7922086.29,8018482.54,10,4,131913.0,1245167.8600000003,13.5,0.9,0.9
D-13400,POP Organic Green Tea 1.8gx200,1901.0,1901.0,5342.5,7243.5,194294.0,194294.0,725084.0,17,1,0.0,0.0,0.0,73.8,281.0
F-04118,POP Ginger Chews Pineapple Coconut 4 oz (12ct/cs),142226.0,119629.0,5116.0,124745.0,950807.63,828686.11,891688.03,8,4,22597.0,122121.52000000002,15.9,4.1,4.3
F-04131,POP Ginger Chews Plus+ Lemon 3 oz,46925.0,35064.0,3923.5,38987.5,1412514.1099999999,756435.71,925012.74,11,4,11861.0,656078.3999999999,25.3,10.1,11.2
F-12402,Ferrero Rocher 24 Pcs Diamond,44492.0,44489.0,3789.0,48278.0,2307072.59,2306862.83,2527813.71,13,3,3.0,209.75999999977648,0.0,7.8,8.5
A-61220,AM GSG RT Tea 20 Bags,20662.0,20602.0,2563.5,23165.5,1238461.23,1236140.82,1486587.8800000001,28,4,60.0,2320.409999999916,0.3,11.1,12.4
D-17106,POP Pu-Erh Tea 1.8gx100 (6ct/cs),19762.0,19338.0,2363.5,21701.5,317663.0,310647.22,350336.06,16,4,424.0,7015.780000000028,2.1,10.9,12.2
F-20141,Ferrero Coll. 24 pcs (w/Hazelnut)#20148,23309.0,23289.0,2164.5,25453.5,1216085.25,1214821.45,1337935.22,17,3,20.0,1263.8000000000466,0.1,8.5,9.3
T-47010,Kwan Loong Oil 2 fl oz,25721.0,25705.0,2029.5,27734.5,5515509.09,5512061.84,6064545.64,7,3,16.0,3447.25,0.1,7.3,7.9
F-04112,POP Ginger Chews Lemon 4 oz (12ct/cs),519910.0,447374.0,1910.5,449284.5,4674928.15,3929535.89,3952666.24,7,4,72536.0,745392.2600000002,14.0,0.4,0.4
T-32300,Tiger Balm Patch - Large,39367.0,24895.0,1800.0,26695.0,4232048.67,3144465.36,3321901.83,14,3,14472.0,1087583.31,36.8,6.7,7.2
D-18206,POP OG White Tea 1.8gx100 (6ct/cs),24452.0,17988.0,1582.5,19570.5,470296.99,345586.39,376521.25,16,4,6464.0,124710.59999999998,26.4,8.1,8.8
A-61234,AM GSG RT/Green Tea 30 Bags,984.0,984.0,1474.5,2458.5,17709.760000000002,17709.760000000002,395065.07,19,3,0.0,0.0,0.0,60.0,149.8
A-61150,AM GSG Candy 6 oz Bag,55810.0,55797.0,1431.5,57228.5,1904627.78,1903505.07,1919389.45,14,4,13.0,1122.7099999999627,0.0,2.5,2.6
D-13206,POP OG Green Tea 1.8gx100 (6ct/cs),35987.0,26773.0,1412.5,28185.5,720317.51,540619.53,569426.93,14,4,9214.0,179697.97999999998,25.6,5.0,5.3
D-15206,POP OG Oolong Tea 1.8gx100 (6ct/cs),34686.0,25669.0,1370.0,27039.0,676622.05,502861.58999999997,531975.21,14,4,9017.0,173760.46000000008,26.0,5.1,5.3
AC-B3SLJ,AM GSG Slices 3 oz Bag-Jumbo,12967.0,12967.0,1097.5,14064.5,363725.49,363725.49,400675.59,8,4,0.0,0.0,0.0,7.8,8.5
T-32224,Tiger Balm Single Patch (2x12),53636.0,53636.0,1071.0,54707.0,932350.16,932350.16,951633.5700000001,1,2,0.0,0.0,0.0,2.0,2.0
A-61250,AM GSG RT Tea 50x1.8g,15819.0,15817.0,1069.0,16886.0,661031.24,659895.74,742117.29,24,5,2.0,1135.5,0.0,6.3,6.8
D-14206,POP OG Jasmine Tea 1.8gx100 (6ct/cs),26877.0,19688.0,1048.0,20736.0,522706.67,382897.41,404664.37,12,4,7189.0,139809.26,26.7,5.1,5.3
T-22010,"Tiger Balm 18g Red, Ext/St(MM)",135765.0,102375.0,1006.0,103381.0,20522243.77,16109856.07,16318596.89,1,3,33390.0,4412387.699999999,24.6,1.0,1.0
F-04130,POP Ginger Chews Plus+ Original 3 oz,76002.0,49367.0,1000.5,50367.5,4188173.55,2291938.64,2322525.42,9,4,26635.0,1896234.9099999997,35.0,2.0,2.0
A-61012,Wild AM GSG Instant Tea 3gx10x8,29237.0,29178.0,914.5,30092.5,3152194.87,3149887.75,3316339.74,10,5,59.0,2307.1200000001118,0.2,3.0,3.1
D-14106,POP Jasmine Tea 1.8gx100 (6ct/cs),11627.0,11463.0,859.5,12322.5,195790.06,193147.96,204414.44,7,4,164.0,2642.100000000006,1.4,7.0,7.5
F-12122,Ferrero Rocher 12 Pcs,22418.0,22392.0,838.5,23230.5,1104400.0,1102931.54,1144322.77,4,3,26.0,1468.4599999999627,0.1,3.6,3.7
D-15106,POP Oolong Tea 1.8gx100 (6ct/cs),10186.0,10004.0,801.5,10805.5,161789.84,158961.44,172695.2,10,4,182.0,2828.399999999994,1.8,7.4,8.0
J-72402,Totole Chicken Bouillon 2.2 lbs,29380.0,29354.0,703.0,30057.0,2744603.68,2741965.6999999997,2817979.16,6,3,26.0,2637.980000000447,0.1,2.3,2.4
A-61117,AM GSG Candy 1 lb / Bag,23882.0,23870.0,697.0,24567.0,1890810.08,1889177.99,1947591.43,12,4,12.0,1632.0900000000838,0.1,2.8,2.9
A-61260,AM GSG RT Tea 60 Bags,8931.0,8931.0,696.5,9627.5,1368471.1,1368471.1,1594805.78,8,3,0.0,0.0,0.0,7.2,7.8
D-15100N,POP Oolong Tea 1.8gx100 (New),1278.0,1278.0,664.0,1942.0,26580.23,26580.23,53771.59,5,3,0.0,0.0,0.0,34.2,52.0
F-76010,Kjeldsens 1 lb Danish Cookie(#98838),16924.0,16872.0,662.0,17534.0,1069080.97,1065918.09,1109192.65,5,3,52.0,3162.8799999998882,0.3,3.8,3.9
F-97000,MX Eggrolls (32pcs),5629.0,5629.0,628.5,6257.5,807652.46,807652.46,911699.85,6,1,0.0,0.0,0.0,10.0,11.2
A-61260N,AM GSG RT Tea 60 Bags (15/cs),27889.0,27887.0,625.5,28512.5,6176232.55,6175316.29,6219547.94,3,4,2.0,916.2599999997765,0.0,2.2,2.2
AC-B6SLJ,AM GSG Slices 6 oz Bag-Jumbo,11843.0,11843.0,599.0,12442.0,673444.61,673444.61,774361.77,6,4,0.0,0.0,0.0,4.8,5.1
F-12418,Ferrero Rocher 24 pcs Diamond Display(48),1157.0,1144.0,578.5,1722.5,548252.67,541564.98,813199.68,16,3,13.0,6687.6900000000605,1.1,33.6,50.6
D-15220N,POP Organic Oolong Tea 1.8gx20,2257.0,2154.0,496.0,2650.0,41175.89,37665.17,50909.13,25,4,103.0,3510.720000000001,4.6,18.7,23.0
D-14100N,POP Jasmine Tea 1.8gx100,1583.0,1583.0,490.5,2073.5,35584.93,35584.93,46885.61,8,3,0.0,0.0,0.0,23.7,31.0
T-31510R,"Tiger Balm 18g, Ultra/St - RFID",13697.0,8940.0,476.5,9416.5,4444244.59,2891164.03,3054256.62,2,2,4757.0,1553080.56,34.7,5.1,5.3
D-13306,POP Green Tea 1.8gx100 JapaneseS (6ct/cs),4103.0,4091.0,451.0,4542.0,68137.75,67893.75,74912.08,12,4,12.0,244.0,0.3,9.9,11.0
T-31541,"Tiger Balm 50g, Ultra/St",86920.0,67440.0,410.5,67850.5,16738872.82,11681466.44,11764607.15,1,3,19480.0,5057406.380000001,22.4,0.6,0.6
D-18106,POP White Tea 1.8gx100 (6ct/cs),2820.0,2706.0,406.0,3112.0,45420.83,43593.73,49164.17,19,4,114.0,1827.0999999999985,4.0,13.0,15.0
D-15200N,POP Organic Oolong Tea 1.8gx100,3262.0,3262.0,346.0,3608.0,170319.91,170319.91,190545.05,7,3,0.0,0.0,0.0,9.6,10.6
F-12418,Ferrero Rocher 24 pcs Diamond Display,553.0,553.0,339.5,892.5,229380.27,229380.27,371423.79,14,3,0.0,0.0,0.0,38.0,61.4
A-61280,POP AM GSG RT Tea 80ct,584.0,407.0,324.5,731.5,3810402.83,2418588.1,4591319.39,29,2,177.0,1391814.73,30.3,44.4,79.7
D-16106,POP Ti Kuan Yin Tea 1.8gx100 (6ct/cs),3351.0,3351.0,294.5,3645.5,55668.69,55668.69,60361.93,11,4,0.0,0.0,0.0,8.1,8.8
D-13220N,POP Organic Green Tea 1.8gx20,2940.0,2630.0,283.0,2913.0,68928.31,58593.43,62383.37,22,4,310.0,10334.879999999997,10.5,9.7,10.8
D-17100N,POP Pu-Erh Tea 1.8gx100 (New),1506.0,1506.0,279.0,1785.0,34796.270000000004,34796.270000000004,37840.87,3,3,0.0,0.0,0.0,15.6,18.5
D-17200,POP Organic Pu-Erh Tea 1.8gx100,2428.0,2428.0,276.0,2704.0,32246.58,32246.58,40353.25,9,3,0.0,0.0,0.0,10.2,11.4
D-13300N,POP Green Tea 2gx100 (Japanese S) New,1310.0,1310.0,252.5,1562.5,20074.57,20074.57,24558.15,11,3,0.0,0.0,0.0,16.2,19.3
D-14220,POP Organic Jasmine Tea 1.8gx20,864.0,846.0,249.0,1095.0,14052.84,13393.320000000002,16269.56,28,4,18.0,659.5199999999986,2.1,22.7,29.4
F-12998,Ferrero Rocher 48's Flat Gift Box,2287.0,2284.0,232.5,2516.5,512433.0,511614.62,569500.42,12,3,3.0,818.3800000000047,0.1,9.2,10.2
D-14200N,POP Organic Jasmine Tea 1.8gx100,2109.0,2109.0,212.5,2321.5,104538.79,104538.79,110391.61,2,3,0.0,0.0,0.0,9.2,10.1
D-17206,POP OG Pu-Erh Tea 1.8gx100 (6ct/cs),3896.0,3851.0,161.5,4012.5,75992.45,74994.49,77196.95,9,4,45.0,997.9599999999919,1.2,4.0,4.2
D-18120N,POP White Tea 1.8gx20 (New),489.0,484.0,94.5,578.5,7320.21,7169.01,9017.28,26,4,5.0,151.19999999999982,1.0,16.3,19.5
F-12998,Ferrero Rocher 48's Flat Gift Box (36/16/PLT),333.0,333.0,75.5,408.5,74944.29000000001,74944.29000000001,92867.68,5,3,0.0,0.0,0.0,18.5,22.7
D-14212,POP Organic Jasmine Tea 1.8gx20 (12ct/cs),355.0,354.0,62.0,416.0,3924.48,3908.48,4556.38,4,3,1.0,16.0,0.3,14.9,17.5
D-16100N,POP Ti Kuan Yin Tea 1.8gx100,844.0,844.0,60.0,904.0,14005.25,14005.25,16162.55,3,3,0.0,0.0,0.0,6.6,7.1
D-18200N,POP Organic White Tea 1.8gx100,2029.0,2029.0,59.0,2088.0,126162.68,126162.68,132209.02,2,3,0.0,0.0,0.0,2.8,2.9
D-15212,POP Organic Oolong Tea 1.8gx20 (12ct/cs),395.0,344.0,48.0,392.0,4954.38,4245.98,4945.33,4,3,51.0,708.4000000000005,12.9,12.2,14.0
D-18100N,POP White Tea 1.8gx100 (New),499.0,499.0,47.5,546.5,10334.39,10334.39,14609.39,2,3,0.0,0.0,0.0,8.7,9.5
D-13212,POP Organic Green Tea 1.8gx20 (12ct/cs),1411.0,996.0,47.0,1043.0,17435.35,12404.91,13076.91,2,3,415.0,5030.439999999999,29.4,4.5,4.7
D-13200N,POP Organic Green Tea 1.8gx100,3689.0,3689.0,30.0,3719.0,179517.78,179517.78,179787.48,1,3,0.0,0.0,0.0,0.8,0.8
D-18012,POP White Tea 1.8gx20 (12ct/cs),21.0,21.0,6.0,27.0,139.01999999999998,139.01999999999998,139.01999999999998,3,3,0.0,0.0,0.0,22.2,28.6
F-04111,POP Ginger Chews Original 4 oz (12ct/cs)96,102.0,102.0,0.0,102.0,1397.24,1397.24,1397.24,0,1,0.0,0.0,0.0,0.0,0.0
D-14200N,POP Organic Jasmine Tea 1.8gx100##23,73.0,73.0,0.0,73.0,562.83,562.83,562.83,0,1,0.0,0.0,0.0,0.0,0.0
F-04111,POP Chews Original 4 oz (12ct/cs),64.0,64.0,0.0,64.0,1152.42,1152.42,1152.42,0,1,0.0,0.0,0.0,0.0,0.0
D-17100N,POP Pu-Erh Tea 1.8gx100 (New)##23,37.0,37.0,0.0,37.0,111.0,111.0,111.0,0,1,0.0,0.0,0.0,0.0,0.0
D-15100N,POP Oolong Tea 1.8gx100 (New)##23,27.0,27.0,0.0,27.0,168.0,168.0,168.0,0,1,0.0,0.0,0.0,0.0,0.0
A-61260,AM GSG RT Tea 60 Bags##23,6.0,6.0,0.0,6.0,113.79,113.79,113.79,0,1,0.0,0.0,0.0,0.0,0.0
D-14100N,POP Jasmine Tea 1.8gx100##23,3.0,3.0,0.0,3.0,90.0,90.0,90.0,0,1,0.0,0.0,0.0,0.0,0.0
F-04112,POP Ginger Chews Lemon 4 oz (12ct/cs)3,3.0,3.0,0.0,3.0,47.54,47.54,47.54,0,1,0.0,0.0,0.0,0.0,0.0
T-32300,Tiger Balm Patch - LargeT,2.0,2.0,0.0,2.0,402.65,402.65,402.65,0,1,0.0,0.0,0.0,0.0,0.0
D-13200N,POP Organic Green Tea 1.8gx100##FY24,1.0,1.0,0.0,1.0,0.0,0.0,0.0,0,1,0.0,0.0,0.0,0.0,0.0
F-04114,POP Ginger Chews Mango 4 oz (12ct/cs)1,1.0,1.0,0.0,1.0,17.59,17.59,17.59,0,1,0.0,0.0,0.0,0.0,0.0
